-- --------------------------------------------------------
-- Host:                         172.16.10.103
-- Server version:               10.1.22-MariaDB - Source distribution
-- Server OS:                    Linux
-- HeidiSQL Version:             9.5.0.5196
-- --------------------------------------------------------

/*!40101 SET @OLD_CHARACTER_SET_CLIENT=@@CHARACTER_SET_CLIENT */;
/*!40101 SET NAMES utf8 */;
/*!50503 SET NAMES utf8mb4 */;
/*!40014 SET @OLD_FOREIGN_KEY_CHECKS=@@FOREIGN_KEY_CHECKS, FOREIGN_KEY_CHECKS=0 */;
/*!40101 SET @OLD_SQL_MODE=@@SQL_MODE, SQL_MODE='NO_AUTO_VALUE_ON_ZERO' */;

-- Dumping structure for table db_eproc.migrations
DROP TABLE IF EXISTS `migrations`;
CREATE TABLE IF NOT EXISTS `migrations` (
  `migration` varchar(255) CHARACTER SET utf8 NOT NULL,
  `batch` int(11) NOT NULL
) ENGINE=InnoDB DEFAULT CHARSET=utf8 COLLATE=utf8_unicode_ci;

-- Dumping data for table db_eproc.migrations: ~2 rows (approximately)
DELETE FROM `migrations`;
/*!40000 ALTER TABLE `migrations` DISABLE KEYS */;
INSERT INTO `migrations` (`migration`, `batch`) VALUES
	('2014_10_12_000000_create_users_table', 1),
	('2014_10_12_100000_create_password_resets_table', 1);
/*!40000 ALTER TABLE `migrations` ENABLE KEYS */;

-- Dumping structure for table db_eproc.password_resets
DROP TABLE IF EXISTS `password_resets`;
CREATE TABLE IF NOT EXISTS `password_resets` (
  `email` varchar(255) CHARACTER SET utf8 NOT NULL,
  `token` varchar(255) CHARACTER SET utf8 NOT NULL,
  `created_at` timestamp NOT NULL DEFAULT CURRENT_TIMESTAMP ON UPDATE CURRENT_TIMESTAMP,
  KEY `password_resets_email_index` (`email`),
  KEY `password_resets_token_index` (`token`)
) ENGINE=InnoDB DEFAULT CHARSET=utf8 COLLATE=utf8_unicode_ci;

-- Dumping data for table db_eproc.password_resets: ~1 rows (approximately)
DELETE FROM `password_resets`;
/*!40000 ALTER TABLE `password_resets` DISABLE KEYS */;
INSERT INTO `password_resets` (`email`, `token`, `created_at`) VALUES
	('iworethecrown@gmail.com', 'e35fe5bf389097ca6f2383ec7093ec6e77d9116c7cd4d5816b20613737d95b48', '2018-02-23 14:32:08');
/*!40000 ALTER TABLE `password_resets` ENABLE KEYS */;

-- Dumping structure for table db_eproc.sys_lookup_values
DROP TABLE IF EXISTS `sys_lookup_values`;
CREATE TABLE IF NOT EXISTS `sys_lookup_values` (
  `id` int(11) NOT NULL AUTO_INCREMENT,
  `lookup_type` varchar(100) NOT NULL,
  `lookup_value` tinyint(4) NOT NULL,
  `lookup_desc` varchar(100) NOT NULL,
  PRIMARY KEY (`id`)
) ENGINE=InnoDB AUTO_INCREMENT=9 DEFAULT CHARSET=latin1;

-- Dumping data for table db_eproc.sys_lookup_values: ~8 rows (approximately)
DELETE FROM `sys_lookup_values`;
/*!40000 ALTER TABLE `sys_lookup_values` DISABLE KEYS */;
INSERT INTO `sys_lookup_values` (`id`, `lookup_type`, `lookup_value`, `lookup_desc`) VALUES
	(1, 'VENDOR_TYPE', 1, 'Perusahaan'),
	(2, 'VENDOR_TYPE', 2, 'Perorangan'),
	(3, 'VENDOR_TYPE', 3, 'Usaha Kecil / Toko'),
	(4, 'VENDOR_TYPE', 4, 'Koperasi'),
	(5, 'VENDOR_FROM', 1, 'Dalam Negeri'),
	(6, 'VENDOR_FROM', 2, 'Asing'),
	(7, 'CLOSE_TYPE', 1, 'Close Project'),
	(8, 'CLOSE_TYPE', 2, 'Cancel Project');
/*!40000 ALTER TABLE `sys_lookup_values` ENABLE KEYS */;

-- Dumping structure for table db_eproc.tmaster_category
DROP TABLE IF EXISTS `tmaster_category`;
CREATE TABLE IF NOT EXISTS `tmaster_category` (
  `id` int(11) NOT NULL AUTO_INCREMENT,
  `category_name` varchar(255) NOT NULL DEFAULT '0',
  `remarks` varchar(255) DEFAULT NULL,
  `created_at` datetime DEFAULT NULL,
  `updated_at` datetime DEFAULT NULL,
  PRIMARY KEY (`id`)
) ENGINE=InnoDB AUTO_INCREMENT=25 DEFAULT CHARSET=latin1;

-- Dumping data for table db_eproc.tmaster_category: ~10 rows (approximately)
DELETE FROM `tmaster_category`;
/*!40000 ALTER TABLE `tmaster_category` DISABLE KEYS */;
INSERT INTO `tmaster_category` (`id`, `category_name`, `remarks`, `created_at`, `updated_at`) VALUES
	(13, 'TP-SACME', 'Tower and Pole SITAC-CME', '2018-01-19 03:05:43', '2018-03-15 02:36:07'),
	(14, 'TP-IMB', 'Tower and Pole IMB', '2018-01-19 03:06:06', NULL),
	(15, 'TP-AKLI', 'Tower and Pole AKLI', '2018-01-19 03:07:35', NULL),
	(16, 'TP-OM', 'Tower and Pole OM', '2018-01-19 03:07:56', NULL),
	(17, 'TP-TOWER', 'Tower and Pole Tower', '2018-01-19 03:08:17', NULL),
	(18, 'DAS-DAS', 'DAS-DAS', '2018-01-19 03:09:03', NULL),
	(19, 'DAS-WT', 'DAS Walk Test', '2018-01-19 03:09:36', NULL),
	(20, 'DAS-OM', 'DAS OM', '2018-01-19 03:09:58', NULL),
	(21, 'ISP-ISP', 'ISP-ISP', '2018-01-19 03:10:24', NULL),
	(22, 'TP SACME', '', '2018-03-15 02:36:49', NULL),
	(23, 'TP SACME', 'Tower and Pole SITAC-CME', '2018-03-15 02:40:47', NULL),
	(24, '4 IN 1', 'Kategory untuk Maintenance TnP Macro, TnP Micro, DAS dan Walktest', '2018-08-29 11:16:40', NULL);
/*!40000 ALTER TABLE `tmaster_category` ENABLE KEYS */;

-- Dumping structure for table db_eproc.tmaster_city
DROP TABLE IF EXISTS `tmaster_city`;
CREATE TABLE IF NOT EXISTS `tmaster_city` (
  `id` int(11) NOT NULL AUTO_INCREMENT,
  `city_name` varchar(100) NOT NULL,
  `province_id` int(11) NOT NULL,
  PRIMARY KEY (`id`)
) ENGINE=InnoDB AUTO_INCREMENT=100 DEFAULT CHARSET=latin1;

-- Dumping data for table db_eproc.tmaster_city: ~99 rows (approximately)
DELETE FROM `tmaster_city`;
/*!40000 ALTER TABLE `tmaster_city` DISABLE KEYS */;
INSERT INTO `tmaster_city` (`id`, `city_name`, `province_id`) VALUES
	(1, 'Banda Aceh', 1),
	(2, 'Langsa', 1),
	(3, 'Lhokseumawe', 1),
	(4, 'Meulaboh', 1),
	(5, 'Sabang', 1),
	(6, 'Subulussalam', 1),
	(7, 'Denpasar', 2),
	(8, 'Pangkalpinang', 3),
	(9, 'Cilegon', 4),
	(10, 'Serang', 4),
	(11, 'Tangerang Selatan', 4),
	(12, 'Tangerang', 4),
	(13, 'Bengkulu', 5),
	(14, 'Gorontalo', 6),
	(15, 'Jakarta Barat', 7),
	(16, 'Jakarta Pusat', 7),
	(17, 'Jakarta Selatan', 7),
	(18, 'Jakarta Timur', 7),
	(19, 'Jakarta Utara', 7),
	(20, 'Sungai Penuh', 8),
	(21, 'Jambi', 8),
	(22, 'Bandung', 9),
	(23, 'Bekasi', 9),
	(24, 'Bogor', 9),
	(25, 'Cimahi', 9),
	(26, 'Cirebon', 9),
	(27, 'Depok', 9),
	(28, 'Sukabumi', 9),
	(29, 'Tasikmalaya', 9),
	(30, 'Banjar', 9),
	(31, 'Magelang', 10),
	(32, 'Pekalongan', 10),
	(33, 'Purwokerto', 10),
	(34, 'Salatiga', 10),
	(35, 'Semarang', 10),
	(36, 'Surakarta', 10),
	(37, 'Tegal', 10),
	(38, 'Batu', 11),
	(39, 'Blitar', 11),
	(40, 'Kediri', 11),
	(41, 'Madiun', 11),
	(42, 'Malang', 11),
	(43, 'Mojokerto', 11),
	(44, 'Pasuruan', 11),
	(45, 'Probolinggo', 11),
	(46, 'Surabaya', 11),
	(47, 'Pontianak', 12),
	(48, 'Singkawang', 12),
	(49, 'Banjarbaru', 13),
	(50, 'Banjarmasin', 13),
	(51, 'Palangkaraya', 14),
	(52, 'Balikpapan', 15),
	(53, 'Bontang', 15),
	(54, 'Samarinda', 15),
	(55, 'Tarakan', 16),
	(56, 'Batam', 17),
	(57, 'Tanjungpinang', 17),
	(58, 'Bandar Lampung', 18),
	(59, 'Metro', 18),
	(60, 'Ternate', 19),
	(61, 'Tidore Kepulauan', 19),
	(62, 'Ambon', 20),
	(63, 'Tual', 20),
	(64, 'Bima', 21),
	(65, 'Mataram', 21),
	(66, 'Kupang', 22),
	(67, 'Sorong', 23),
	(68, 'Jayapura', 24),
	(69, 'Dumai', 25),
	(70, 'Pekanbaru', 25),
	(71, 'Makassar', 26),
	(72, 'Palopo', 26),
	(73, 'Parepare', 26),
	(74, 'Palu', 27),
	(75, 'Bau-Bau', 28),
	(76, 'Kendari', 28),
	(77, 'Bitung', 29),
	(78, 'Kotamobagu', 29),
	(79, 'Manado', 29),
	(80, 'Tomohon', 29),
	(81, 'Bukittinggi', 30),
	(82, 'Padang', 30),
	(83, 'Padangpanjang', 30),
	(84, 'Pariaman', 30),
	(85, 'Payakumbuh', 30),
	(86, 'Sawahlunto', 30),
	(87, 'Solok', 30),
	(88, 'Lubuklinggau', 31),
	(89, 'Pagaralam', 31),
	(90, 'Palembang', 31),
	(91, 'Prabumulih', 31),
	(92, 'Binjai', 32),
	(93, 'Medan', 32),
	(94, 'Padang Sidempuan', 32),
	(95, 'Pematangsiantar', 32),
	(96, 'Sibolga', 32),
	(97, 'Tanjungbalai', 32),
	(98, 'Tebingtinggi', 32),
	(99, 'Yogyakarta', 33);
/*!40000 ALTER TABLE `tmaster_city` ENABLE KEYS */;

-- Dumping structure for table db_eproc.tmaster_company
DROP TABLE IF EXISTS `tmaster_company`;
CREATE TABLE IF NOT EXISTS `tmaster_company` (
  `id` int(11) NOT NULL AUTO_INCREMENT,
  `company_name` varchar(255) NOT NULL DEFAULT '0',
  `remarks` varchar(255) DEFAULT NULL,
  `created_at` datetime DEFAULT NULL,
  `updated_at` datetime DEFAULT NULL,
  PRIMARY KEY (`id`)
) ENGINE=InnoDB AUTO_INCREMENT=5 DEFAULT CHARSET=latin1;

-- Dumping data for table db_eproc.tmaster_company: ~3 rows (approximately)
DELETE FROM `tmaster_company`;
/*!40000 ALTER TABLE `tmaster_company` DISABLE KEYS */;
INSERT INTO `tmaster_company` (`id`, `company_name`, `remarks`, `created_at`, `updated_at`) VALUES
	(1, 'PT Centratama Menara Indonesia', 'Perusahaan PT CMI', '2017-12-05 09:06:55', NULL),
	(2, 'PT Mac Sarana Djaya', 'Perusahaan PT Mac', '2017-12-05 09:09:04', NULL),
	(3, 'PT Fastel Sarana Indonesia', 'Perusahaan PT Fastel', '2017-12-05 09:11:02', NULL),
	(4, 'PT Centratama Telekomunikasi Indonesia', '', '2018-08-29 11:29:35', NULL);
/*!40000 ALTER TABLE `tmaster_company` ENABLE KEYS */;

-- Dumping structure for table db_eproc.tmaster_project
DROP TABLE IF EXISTS `tmaster_project`;
CREATE TABLE IF NOT EXISTS `tmaster_project` (
  `id` int(11) NOT NULL AUTO_INCREMENT,
  `company_id` int(11) NOT NULL,
  `site` varchar(255) DEFAULT NULL,
  `project_name` varchar(255) NOT NULL,
  `desc` varchar(255) NOT NULL,
  `desc_place` varchar(255) NOT NULL,
  `project_start_date` date NOT NULL,
  `project_end_date` date NOT NULL,
  `price_upper_limit` int(11) DEFAULT NULL,
  `price_lower_limit` int(11) DEFAULT NULL,
  `multiples_value` int(11) DEFAULT NULL,
  `category_id` varchar(1000) NOT NULL,
  `biding_start` datetime NOT NULL,
  `biding_finish` datetime NOT NULL,
  `status` tinyint(4) DEFAULT NULL COMMENT 'null = draft, 1 = publish, 2 = close, 3 = cancel, 4 = complete',
  `status_review` tinyint(4) DEFAULT NULL COMMENT 'null = draft, 0 = reviewing, 1 = reviewed, 2 = revise ',
  `review_desc` varchar(255) DEFAULT NULL,
  `attachment` varchar(2000) DEFAULT NULL,
  `reason` varchar(255) DEFAULT NULL,
  `send_to_internal` tinyint(1) NOT NULL DEFAULT '0',
  `result_generated` varchar(255) DEFAULT NULL,
  `created_at` datetime DEFAULT NULL,
  `updated_at` datetime DEFAULT NULL,
  PRIMARY KEY (`id`)
) ENGINE=InnoDB AUTO_INCREMENT=5 DEFAULT CHARSET=latin1;

-- Dumping data for table db_eproc.tmaster_project: ~4 rows (approximately)
DELETE FROM `tmaster_project`;
/*!40000 ALTER TABLE `tmaster_project` DISABLE KEYS */;
INSERT INTO `tmaster_project` (`id`, `company_id`, `site`, `project_name`, `desc`, `desc_place`, `project_start_date`, `project_end_date`, `price_upper_limit`, `price_lower_limit`, `multiples_value`, `category_id`, `biding_start`, `biding_finish`, `status`, `status_review`, `review_desc`, `attachment`, `reason`, `send_to_internal`, `result_generated`, `created_at`, `updated_at`) VALUES
	(1, 1, '', 'Sample_1', 'Walalawa', 'Mana ajah', '2018-09-01', '2018-10-31', 2000000, 1000000, 50000, '18', '2018-08-27 00:00:00', '2018-08-30 23:59:00', NULL, 1, 'test 123', NULL, NULL, 0, NULL, '2018-08-27 03:32:45', NULL),
	(2, 1, 'test', 'test', 'test', 'test', '2018-08-31', '2018-09-06', 2000000, 1000000, 50000, '18', '2018-08-27 15:55:00', '2018-08-27 16:10:00', 4, 1, 'ok lanjut', 'Informasi - eProcurement (test)_20180827.pdf', NULL, 1, 'https://e-procurement.centratamagroup.com/attachments/document/final_report/[PT Centratama Menara Indonesia - test] Final Report-2.pdf', '2018-08-27 03:43:29', '2018-08-27 03:47:52'),
	(3, 1, 'Zona 1', '4in1', '4in1 Zona 1', 'Zona 1', '2018-11-01', '2020-11-01', 1500000, 1000000, 100000, '16,17,19,20', '2018-08-31 14:45:00', '2018-08-31 15:00:00', 3, 1, 'ok lanjut', 'Informasi - eProcurement (4in1)_20180828.pdf', 'Cancel Project - Tidak ada Vendor', 0, NULL, '2018-08-28 03:25:40', NULL),
	(4, 4, 'ZONE 1', '4 IN 1 ZONE 1', 'Maintenance TnP Macro, Micro, DAS dan Walktest', 'ZONE 1', '2019-01-01', '2019-12-31', 7000000, 6000000, 50000, '24', '2018-08-29 16:31:00', '2018-08-29 16:45:00', 4, 1, 'Test 4 in 1', 'Informasi - eProcurement (4 IN 1 ZONE 1)_20180829.pdf', NULL, 0, NULL, '2018-08-29 11:36:56', '2018-08-29 04:01:16');
/*!40000 ALTER TABLE `tmaster_project` ENABLE KEYS */;

-- Dumping structure for table db_eproc.tmaster_province
DROP TABLE IF EXISTS `tmaster_province`;
CREATE TABLE IF NOT EXISTS `tmaster_province` (
  `id` int(11) NOT NULL AUTO_INCREMENT,
  `province_name` varchar(100) NOT NULL DEFAULT '0',
  PRIMARY KEY (`id`)
) ENGINE=InnoDB AUTO_INCREMENT=34 DEFAULT CHARSET=latin1;

-- Dumping data for table db_eproc.tmaster_province: ~33 rows (approximately)
DELETE FROM `tmaster_province`;
/*!40000 ALTER TABLE `tmaster_province` DISABLE KEYS */;
INSERT INTO `tmaster_province` (`id`, `province_name`) VALUES
	(1, 'Aceh'),
	(2, 'Bali'),
	(3, 'Bangka Belitung'),
	(4, 'Banten'),
	(5, 'Bengkulu'),
	(6, 'Gorontalo'),
	(7, 'DKI Jakarta'),
	(8, 'Jambi'),
	(9, 'Jawa Barat'),
	(10, 'Jawa Tengah'),
	(11, 'Jawa Timur'),
	(12, 'Kalimantan Barat'),
	(13, 'Kalimantan Selatan'),
	(14, 'Kalimantan Tengah'),
	(15, 'Kalimantan Timur'),
	(16, 'Kalimantan Utara'),
	(17, 'Kep. Riau'),
	(18, 'Lampung'),
	(19, 'Maluku Utara'),
	(20, 'Maluku'),
	(21, 'Nusa Tenggara Barat'),
	(22, 'Nusa Tenggara Timur'),
	(23, 'Papua Barat'),
	(24, 'Papua'),
	(25, 'Riau'),
	(26, 'Sulawesi Selatan'),
	(27, 'Sulawesi Tengah'),
	(28, 'Sulawesi Tenggara'),
	(29, 'Sulawesi Utara'),
	(30, 'Sumatera Barat'),
	(31, 'Sumatera Selatan'),
	(32, 'Sumatera Utara'),
	(33, 'Yogyakarta');
/*!40000 ALTER TABLE `tmaster_province` ENABLE KEYS */;

-- Dumping structure for table db_eproc.tmaster_site
DROP TABLE IF EXISTS `tmaster_site`;
CREATE TABLE IF NOT EXISTS `tmaster_site` (
  `site_id` varchar(15) NOT NULL,
  `site_name` varchar(255) NOT NULL,
  `site_address` text,
  `company_id` int(11) DEFAULT NULL,
  PRIMARY KEY (`site_id`)
) ENGINE=InnoDB DEFAULT CHARSET=latin1;

-- Dumping data for table db_eproc.tmaster_site: ~1.086 rows (approximately)
DELETE FROM `tmaster_site`;
/*!40000 ALTER TABLE `tmaster_site` DISABLE KEYS */;
INSERT INTO `tmaster_site` (`site_id`, `site_name`, `site_address`, `company_id`) VALUES
	('FN-16-00008', 'SUTOZ', '', 2),
	('FN-16-00009', 'Hotel Ambarukmo', 'Jl. Laksda Adi Sucipto no. 81, Sleman DIY', 2),
	('FN-16-00010', 'Hotel Horison Ultima Yogyakarta', 'Jl. Gowongan Kidul No. 33-49, Kota Yogyakarta', 2),
	('FN-16-00011', 'Plaza Ambarukmo', 'Jl. Laksda Adi Sucipto, Sleman DIY', 3),
	('FN-16-00012', 'Pusat perdagangan Progo', 'Jl. Mayor Suryotomo No.29, Ngupasan, Gondomanan, Kota Yogyakarta, Daerah Istimewa Yogyakarta 55122', 2),
	('FN-16-00013', 'Hotel Horison Pekalongan', 'Jl. Gajah Mada No.11A, Kramatsari, Pekalongan Bar., Kota Pekalongan, Jawa Tengah 51118', 2),
	('FN-16-00014', 'Hotel Santika Cikarang', 'l. H. Ali, Pasirsari, Cikarang Sel., Bekasi, Jawa Barat 17530 Telepon:(021) 89835533', 1),
	('FN-16-00015', 'Hotel Sahid Rich', 'Jl. Magelang KM.6 No.18, Sinduadi, Sleman, Kabupaten Sleman, Daerah Istimewa Yogyakarta 55284', 3),
	('FN-16-00016', 'East Cost Residence Surabaya', 'Jl. Kalisari Timur 16, Pakuwon City, Surabaya - Jawa Timur', 3),
	('FO-11-00001', 'Bugis', 'Jl. Swasembada Barat XXII No. 14 006/012, Kel. Kebon Bawang, Kec. Tanjung Priok, Jakarta Utara', 1),
	('FO-11-00002', 'Dolog Surabaya', 'Jl. Jemur Sari No. 5C 002/003, Desa Wonosari, Kec. Wonocolo ', 3),
	('FO-11-00003', 'Swalayan Brastagi', 'Jl. Jend. Gatot Subroto No. 288, Medan, Sumatera Utara', 1),
	('FO-11-00004', 'Mega Top Palangkaraya', 'Jl. Yos Sudarso No. 57, Palangkaraya, Kalimantan Tengah', 3),
	('FO-12-00005', 'RS. Azra', 'Jl. Raya Pajajaran No. 219, Bogor, Jawa Barat', 1),
	('FO-12-00006', 'Tamansari Mangga Besar', 'Jl. Tamansari X No. 51 Kelurahan Tamansari, Kecamatan Tamansari, Jakarta 11150', 2),
	('FO-12-00007', 'CIMB Niaga Pasuruan', 'Jl. Kawi No. 7 Desa Pecalukan, Kec.Prigen, Kab. Pasuruan Jawa Timur', 2),
	('FO-12-00008', 'Traktor Nusantara', 'Jl. Pulogadung No. 32, Kawasan Industri Pulogadung', 1),
	('FO-12-00009', 'Pasar Beringharjo', 'Jl. Pabringan No. 1, Yogyakarta', 3),
	('FO-12-00010', 'Dukomsel', 'Jl. Ir. Juanda No 52, Dago - Bandung', 1),
	('FO-12-00011', 'RS. Bogor Medical Center', ' Jl. Pajajaran Indah V No. 97, Baranangsiang, Bogor Timur, Kota Bogor, Jawa Barat 16143', 3),
	('FO-12-00012_1', 'Alfamart Cikokol A', 'Jl. MH.Thamrin No. 9, Cikokol, Tangerang, Banten', 3),
	('FO-12-00012_2', 'Alfamart Cikokol B', 'Jl. MH.Thamrin No. 9, Cikokol, Tangerang, Banten', 3),
	('FO-12-00013_1', 'R5081-UNS Gedung A Kedokteran', 'Jl. Ir. Sutami 36 A, Surakarta', 1),
	('FO-12-00013_10', '115086-UNS', 'Jl. Ir. Sutami 36 A, Surakarta', 1),
	('FO-12-00013_11', '353PC044G-UNS Surakarta (FISIP)', 'Jl. Ir. Sutami 36 A, Surakarta', 3),
	('FO-12-00013_2', 'R5088-UNS Gedung C Kedokteran', 'Jl. Ir. Sutami 36 A, Surakarta', 1),
	('FO-12-00013_3', 'R5082-UNS Gedung D Kedokteran', 'Jl. Ir. Sutami 36 A, Surakarta', 1),
	('FO-12-00013_4', 'R5083-UNS Gedung E Kedokteran', 'Jl. Ir. Sutami 36 A, Surakarta', 1),
	('FO-12-00013_5', 'R5084-UNS Gedung F Kedokteran', 'Jl. Ir. Sutami 36 A, Surakarta', 1),
	('FO-12-00013_6', 'R5080-UNS Gedung A MIPA', 'Jl. Ir. Sutami 36 A, Surakarta', 1),
	('FO-12-00013_7', 'R5079-UNS Gedung B MIPA', 'Jl. Ir. Sutami 36 A, Surakarta', 2),
	('FO-12-00013_8', '14SKA081-UNS (MIPA)', 'Jl. Ir. Sutami 36 A, Surakarta', 2),
	('FO-12-00014', 'Manunggal Pekayon', 'Komplek Hubad Rw 01, Kel. Cibubur, Ciracas, Jakarta Timur', 1),
	('FO-12-00015', 'Samsung Indonesia', 'Kawasan Industri Cikarang, Jl. Jababeka Raya Blok F 29-33', 2),
	('FO-13-00018', 'Pemkot Semarang', 'Jl. Pemuda No. 175, Semarang, Jawa Tengah', 2),
	('FO-13-00019', 'POP Haris', 'Jl. Teuku Umar No. 74, Denpasar', 3),
	('FO-13-00020_1', 'XL Experience', 'Jl. Letjen S.Parman Kav. 28, Jakarta Barat', 1),
	('FO-13-00020_10', 'JKB237 - MEDGARDENFTELHW', 'Jl. Letjen S. Parman Kav. 28, RT.12/RW.6, Tj. Duren Sel., Grogol petamburan, Kota Jakarta Barat, Daerah Khusus Ibukota Jakarta 11470', 1),
	('FO-13-00020_11', 'JKB243 - APTMEDGARDEN1FTELHW', 'Jl. Letjen S. Parman Kav. 28, RT.12/RW.6, Tj. Duren Sel., Grogol petamburan, Kota Jakarta Barat, Daerah Khusus Ibukota Jakarta 11470', 2),
	('FO-13-00020_12', 'JKB244 - APTMEDGARDEN2FTELHW', 'Jl. Letjen S. Parman Kav. 28, RT.12/RW.6, Tj. Duren Sel., Grogol petamburan, Kota Jakarta Barat, Daerah Khusus Ibukota Jakarta 11470', 1),
	('FO-13-00020_13', 'JKB245 - APTMEDGARDEN3FTELHW', 'Jl. Letjen S. Parman Kav. 28, RT.12/RW.6, Tj. Duren Sel., Grogol petamburan, Kota Jakarta Barat, Daerah Khusus Ibukota Jakarta 11470', 3),
	('FO-13-00020_14', 'JKB235 - CPTRIBECA1FTELHW', 'Jl. Letjen S. Parman Kav. 28, RT.12/RW.6, Tj. Duren Sel., Grogol petamburan, Kota Jakarta Barat, Daerah Khusus Ibukota Jakarta 11470', 3),
	('FO-13-00020_15', 'JKB232 - CPTRIBECA2FTELHW', 'Jl. Letjen S. Parman Kav. 28, RT.12/RW.6, Tj. Duren Sel., Grogol petamburan, Kota Jakarta Barat, Daerah Khusus Ibukota Jakarta 11470', 1),
	('FO-13-00020_16', 'JKB236 - CPBOULEVARD 1FTELHW', 'Jl. Letjen S. Parman Kav. 28, RT.12/RW.6, Tj. Duren Sel., Grogol petamburan, Kota Jakarta Barat, Daerah Khusus Ibukota Jakarta 11470', 3),
	('FO-13-00020_17', 'JKB233 - CPBOULEVARD2FTELHW', 'Jl. Letjen S. Parman Kav. 28, RT.12/RW.6, Tj. Duren Sel., Grogol petamburan, Kota Jakarta Barat, Daerah Khusus Ibukota Jakarta 11470', 3),
	('FO-13-00020_18', 'JKB234 - CP BOULEVARD 3FTELHW', 'Jl. Letjen S. Parman Kav. 28, RT.12/RW.6, Tj. Duren Sel., Grogol petamburan, Kota Jakarta Barat, Daerah Khusus Ibukota Jakarta 11470', 3),
	('FO-13-00020_2', 'BH3424843G - CP - Master 1 ', 'Jl. Letjen S. Parman Kav. 28, RT.12/RW.6, Tj. Duren Sel., Grogol petamburan, Kota Jakarta Barat, Daerah Khusus Ibukota Jakarta 11470', 1),
	('FO-13-00020_3', 'BH3424843GA - CP - Master 1 Pole 1', 'Jl. Letjen S. Parman Kav. 28, RT.12/RW.6, Tj. Duren Sel., Grogol petamburan, Kota Jakarta Barat, Daerah Khusus Ibukota Jakarta 11470', 2),
	('FO-13-00020_4', 'BH3424843GB - CP - Master 1 Pole 2', 'Jl. Letjen S. Parman Kav. 28, RT.12/RW.6, Tj. Duren Sel., Grogol petamburan, Kota Jakarta Barat, Daerah Khusus Ibukota Jakarta 11470', 3),
	('FO-13-00020_5', 'BH3424843GC - CP - Master 1 Pole 3', 'Jl. Letjen S. Parman Kav. 28, RT.12/RW.6, Tj. Duren Sel., Grogol petamburan, Kota Jakarta Barat, Daerah Khusus Ibukota Jakarta 11470', 2),
	('FO-13-00020_6', 'BH3424844G - CP - Master 2 ', 'Jl. Letjen S. Parman Kav. 28, RT.12/RW.6, Tj. Duren Sel., Grogol petamburan, Kota Jakarta Barat, Daerah Khusus Ibukota Jakarta 11470', 3),
	('FO-13-00020_7', 'BH3424844GA - CP - Master 2 Pole 1', 'Jl. Letjen S. Parman Kav. 28, RT.12/RW.6, Tj. Duren Sel., Grogol petamburan, Kota Jakarta Barat, Daerah Khusus Ibukota Jakarta 11470', 1),
	('FO-13-00020_8', 'BH3424844GB - CP - Master 2 Pole 2', 'Jl. Letjen S. Parman Kav. 28, RT.12/RW.6, Tj. Duren Sel., Grogol petamburan, Kota Jakarta Barat, Daerah Khusus Ibukota Jakarta 11470', 1),
	('FO-13-00020_9', 'BH3424844GC - CP - Master 2 Pole 3', 'Jl. Letjen S. Parman Kav. 28, RT.12/RW.6, Tj. Duren Sel., Grogol petamburan, Kota Jakarta Barat, Daerah Khusus Ibukota Jakarta 11470', 2),
	('FO-13-00021_1', '251PC085 - Diknas Bandung', 'Jl. Dr. Radjiman No. 6 Bandung, Jawa Barat', 3),
	('FO-13-00021_2', 'RH60070A - Diknas Dikmenti', 'Jl. Dr. Radjiman No. 6 Bandung, Jawa Barat', 1),
	('FO-13-00021_3', 'RH60071A - Diknas H', 'Jl. Dr. Radjiman No. 6 Bandung, Jawa Barat', 3),
	('FO-13-00022', 'Gedung Annex', 'Jl. MH. Thamrin No. 59, Jakarta', 2),
	('FO-13-00023_1', 'BH3431857G - BTS KLBT M1', 'Jl. Kalibata Raya No. 1, Jakarta Selatan', 2),
	('FO-13-00023_2', 'BH3431857GA - BTS KLBT M1S1', 'Jl. Kalibata Raya No. 1, Jakarta Selatan', 1),
	('FO-13-00023_3', 'BH3431857GB - BTS KLBT M1S2', 'Jl. Kalibata Raya No. 1, Jakarta Selatan', 1),
	('FO-13-00023_4', 'BH3431857GC - BTS KLBT M1S3', 'Jl. Kalibata Raya No. 1, Jakarta Selatan', 2),
	('FO-13-00023_5', 'BH3431857GD - BTS KLBT M1S4', 'Jl. Kalibata Raya No. 1, Jakarta Selatan', 1),
	('FO-13-00023_6', 'BH3431857GE - BTS KLBT M1S5', 'Jl. Kalibata Raya No. 1, Jakarta Selatan', 2),
	('FO-13-00023_7', 'BH3431857GF - BTS KLBT M1S6', 'Jl. Kalibata Raya No. 1, Jakarta Selatan', 1),
	('FO-13-00023_8', 'BH3431857GG - BTS KLBT M1S7', 'Jl. Kalibata Raya No. 1, Jakarta Selatan', 3),
	('FO-13-00024', 'Slipi Kota Bambu Utara', 'Jl. Kiapang Raya No. 2, Kel. Kota Bambu Selatan, Kec. Palmerah, Jakarta', 2),
	('FO-13-00025', 'Ceger Permai', 'Jl. Bambu Apus Raya No. 55, Kel. Ceger, Kec. Cipayung, Jakarta Timur', 1),
	('FO-13-00026', 'Sarana Raya Pondok Kelapa', 'Jl. Bina Karya No. 2, Komplek Bina Karya 006/01, Kel. Pondok Kelapa, Kec. Duren Sawit, Jakarta Timur ', 3),
	('FO-13-00027', 'Universitas Muhammadyah Surakarta', 'Jl. A. Yani Pabelan Kartasura Surakarta, Jawa Tengah', 3),
	('FO-13-00028', 'Giant Probolinggo', 'Jl. Soekarno Hatta No. 75, Probolinggo, Jawa Timur', 1),
	('FO-13-00029', 'Hotel Yusro', 'Jl. Soekarno Hatta, Jombang, Jawa Timur', 2),
	('FO-13-00030', 'RS. Elisabeth Semarang', 'Jl. Kawi No. 1, Candisari, Semarang, Jawa Tengah', 1),
	('FO-13-00031_1', '251SH1325A- Itenas bandung Gd. 10', 'Jl. PHH. Musthopa No. 23 Bandung 40124', 2),
	('FO-13-00031_2', '251SH1325B- Itenas bandung Gd. 18', 'Jl. PHH. Musthopa No. 23 Bandung 40124', 2),
	('FO-13-00031_3', '251SH1325C- Itenas bandung Gd. SC', 'Jl. PHH. Musthopa No. 23 Bandung 40124', 1),
	('FO-13-00031_4', 'BDK 693 - Itenas bandung Gd. 10, 18 & 19', 'Jl. PHH. Musthopa No. 23 Bandung 40124', 3),
	('FO-13-00035', 'Jogja Patrol', 'Jl. Raya Patrol / By Pass Patrol Indramayu, Jawa Barat', 1),
	('FO-14-00032', 'Universitas Surabaya', 'Jl. Raya Kali Rungkut Kel. Tenggilis Mejoyo, Kec. Rungkut, Surabaya', 2),
	('FO-14-00033', 'RS. Islam Yarsis Surakarta', 'Jl. A. Yani Pabelan Kartasura Surakarta, Jawa Tengah', 1),
	('FO-14-00036_1', 'SH1476A - BUKIT SENTUL RELOC A', 'Jl. MH. Thamrin, Gerbang Northridge Sentul City Bogor', 1),
	('FO-14-00036_2', 'SH1476B - BUKIT SENTUL RELOC B', 'Jl. MH. Thamrin, Gerbang Northridge Sentul City Bogor', 2),
	('FO-14-00036_3', 'SH1476C - BUKIT SENTUL RELOC C', 'Jl. MH. Thamrin, Gerbang Northridge Sentul City Bogor', 1),
	('FO-14-00036_4', 'SH3451571G B - 3G BUKIT GOLF', 'Jl. MH. Thamrin, Gerbang Northridge Sentul City Bogor', 3),
	('FO-14-00036_5', 'SH3451559GA - PASADENA SENTUL CITY', 'Jl. MH. Thamrin, Gerbang Northridge Sentul City Bogor', 3),
	('FO-14-00036_6', 'SH3451559GB - NORTHRIDGE SENTUL CITY', 'Jl. MH. Thamrin, Gerbang Northridge Sentul City Bogor', 1),
	('FO-14-00036_7', 'SH3451559GC - DANGAU AULIA', 'Jl. MH. Thamrin, Gerbang Northridge Sentul City Bogor', 2),
	('FO-14-00036_8', 'SH3451571GA - SENTUL ENTRANCE', 'Jl. MH. Thamrin, Gerbang Northridge Sentul City Bogor', 2),
	('FO-14-00036_9', 'SH3451571GC - VICTORIA SENTUL CITY', 'Jl. MH. Thamrin, Gerbang Northridge Sentul City Bogor', 1),
	('FO-14-00037', 'Pasar Krakal', 'Jl. Pamandian Km 12, Alian, Kebumen, Jateng', 2),
	('FO-14-00038', 'Pasar Klampok', 'Jl. A. Yani No. 3, Banjarnegara', 3),
	('FO-14-00039', 'Rusunawa Gemawang', 'Rusunawa Gemawang Sinduadi Miati Sleman', 3),
	('FO-14-00040', 'Menara Prima 2', 'Jl. DR.Ide Anak Agung Gde Agung Blok 6.3', 3),
	('FO-14-00042', 'Tuparev Cirebon', 'Jl. Tuparev No. 83, Desa Sutawinangun, Kec. Daung, Cirebon, Jawa Barat', 1),
	('FO-14-00043', 'Bontang Plaza', 'Jl. Bhayangkara No. 1, Kel. Belimbing, Bontang, Kalimantan Timur', 3),
	('FO-14-00044', 'Indofood Packaging Karawang', 'Jl. Maligi Raya Lot Q5 KIIC', 3),
	('FO-14-00045', 'Mirota Kampus', 'Jl. C. Simanjuntak No. 70, Yogyakarta', 3),
	('FO-14-00046', 'Plaza Sri Ratu Kediri', 'Jl. Hayam Wuruk No. 46, Kediri, Jawa Tengah', 3),
	('FO-14-00047', 'Jalan Boulevard Raya', 'Jl. Taman Palem Mutiara Cengkareng Jakarta Barat', 3),
	('FO-14-00048', 'Mall Sidorajo', 'Jl. DiponegoroNo. 2, Sidoarjo, Jawa Timur', 3),
	('FO-15-00049', 'Inspeksi Cengkareng', 'Jl. Cempaka Raya No. 2 003/011, Kel. Rawa Buaya, Kec. Cengkareng, Jakarta Barat', 2),
	('FO-15-00050', 'Alfa Indah Joglo', 'Jl. Joglo Raya, Komp. Ruko Mega Kebun Jeruk No. 9, Kel. Srengseng, Kec. Kembangan, Jakarta Barat', 3),
	('FO-15-00051', 'Boulevard Makro Gading', 'Jl. Raya Mediterania BB No.1, Bukit Gading Mediterania Kelapa Gading, Jakarta Utara ', 2),
	('FO-15-00052', 'Kampus STTA', 'Jl. Janti Blok R Lanud Adisutjipto Yogyakarta', 3),
	('FO-15-00053', 'Gadri Resto', 'Jl. Rotowijayan No. 5 Keraton Yogyakarta', 3),
	('FO-16-00061', 'Dusun Bengkal', 'Dusun Bengkal Lor RT 03/01, Temanggung, Jawa Tengah', 2),
	('FO-16-00062_1', 'SH2415601A - M1M Green Bay', 'Jl. Pluit Karang Ayu Blok B1 Utara Muara Karang Jakarta Utara', 3),
	('FO-16-00062_2', 'SH2415601B - M1S1 Green Bay', 'Jl. Pluit Karang Ayu Blok B1 Utara Muara Karang Jakarta Utara', 1),
	('FO-16-00062_3', 'SH2415601C - M1S2 Green Bay', 'Jl. Pluit Karang Ayu Blok B1 Utara Muara Karang Jakarta Utara', 3),
	('FO-16-00063', 'Kajen Selatan', 'DK Sekarum RT001 RW007, Desa Gandarum Kec Kajen Kab. Pekalongan', 3),
	('FO-16-00064', 'Kedungwuni', 'Ambokembang RT28 RW14 Kel. Ambokembang Kec Kedungwuni Pekalongan', 1),
	('FR-13-00002', 'Bellagio', 'Jl. Mega Kuningan Barat E4 No. 3, Setiabudi, Jakarta Selatan', 2),
	('FR-13-00003', 'Puri Casablanca', 'Jl. Puri Casablanca No. 1, Jakarta ', 2),
	('FR-13-00004', 'Hotel Aston Sudirman', 'Jl. Garnisun Dalam No. 8, Jakarta Selatan', 2),
	('FR-13-00005', 'Pacific Mall Tegal', 'Jl. Mayjen Sutoyo No. 35, Tegal, Jawa Tengah', 2),
	('FR-13-00006', 'Gading Mediterania residences', 'Jl. Boulevard Bukit Gading Raya, Kelapa Gading, Jakarta Utara', 1),
	('FR-13-00007', 'Sudirman Park', 'Jl. KH. Mas Mansyur Kav. 35, Karet Tengsin, Tanah Abang, Jakarta ', 2),
	('FR-13-00008', 'Apart Mediterania Tanjung Duren', 'Jl. Tanjung Duren Raya Kav. 5-9, Grogol, Jakarta', 1),
	('FR-13-00009', 'Apart Mediterania Kemayoran', 'Jl. Landas Pacu Utara Selatan, Kemayoran Blok A1 Kav. No. 2, Jakarta', 3),
	('FR-14-00010', 'Rita Mall Kebumen', 'Jl. Pahlawan No. 58, Kebumen, Jawa Tengah', 3),
	('FR-14-00011', 'RS. Advent Lampung', 'Jl. Tengku Umar No. 48 001/01, Kel. Surabaya, Kec. Kedaton, Lampung', 1),
	('FR-14-00013', 'RS. Urip Soemoharjo Lampung', 'Jl. Urip Sumoharjo No. 200, Way Halim, Bandar Lampung, Lampung', 1),
	('FR-15-00016', 'RS. Muhammadiyah Palembang', 'Jl. A. Yani 13 Ulu, Palembang', 3),
	('KSO-0000004', 'Apartement Rasuna - 2', 'Jl. HR. Rasuna Said No. 25, Kuningan, Jakarta Selatan', 3),
	('KSO-0000005', 'Apartement Rasuna - 3', 'Jl. HR. Rasuna Said No. 25, Kuningan, Jakarta Selatan', 2),
	('KSO-0000006', 'Apartemen Taman Rasuna 4 (Tower 10A, 11, 12) ', 'Taman Rasuna Apartment Tower 8-9, Lower Ground Floor, Jl. HR. Rasuna Said No. 25, Kuningan, Jakarta Selatan, DKI Jakarta 12960 Phone: (021) 9393939, (021) 8350203 Fax: (021) 8305374', 2),
	('KSO-0000007', 'Pasar Grosir Cirebon', 'Jl. Siliwangi Komp. Pasar Pagi, Cirebon, Jawa Barat', 1),
	('KSO-0000009', 'Mall Kapuk Jambi', 'Jl. M. Husni Thamrin No. 18, Jambi', 1),
	('KSO-0000010', 'RSU. DR. Pirngadi Medan ', 'Jl. Prof. HM. Yamin SH. No. 47, Medan', 2),
	('KSO-0000011', 'Bellanova Country Mall', 'Jl. MH Thamrin No. 8, Bukit Sentul Selatan, Kabupaten Bogor 16810, Jawa Barat', 1),
	('KSO-0000012', 'Hotel Grand Angkasa', 'Jl. Sutomo No.1, Medan', 3),
	('KSO-0000014', 'Pasar Raya Manggarai ', 'Jl. Sultan Agung No. 1, Manggarai, Jakarta Selatan 12970', 3),
	('KSO-0000015', 'Lindeteves Trade Centre', 'Jl. Hayam Wuruk No.127 Jakarta Barat 11180', 3),
	('KSO-0000016', 'Clarion Hotel', 'Jl. Andi Pattarani No.3, Makassar', 2),
	('KSO-0000017', 'Sheraton Bandung Hotel and Towers ', 'Jl. Ir. H. Juanda No. 390, Bandung 40135', 2),
	('KSO-0000019', 'Mall Banjarsari', 'Jl. Sultan Agung, Pekalongan', 2),
	('KSO-0000020', 'Universitas Islam Bandung (Unisba) ', 'Jl. Taman Sari No.26 Bandung 40116', 3),
	('KSO-0000021', 'JACC Tn.Abang', 'Jl. Kebon Kacang Raya, RT.4/RW.9, Waduk Melati, Tanah Abang, Kb. Melati, Kota Jakarta Pusat, Daerah Khusus Ibukota Jakarta 10230', 3),
	('KSO-0000022', 'Menara Danamon Mega Kuningan', 'Jl. Prof. DR. Satrio E-4 No. 6, Mega Kuningan, Jakarta Selatan ', 3),
	('KSO-0000023', 'Sampoerna Strategic', 'Jl. Jend. Sudirman Kav. 45-46, Karet Semanggi, Jakarta Selatan ', 2),
	('KSO-0000024', 'Menara Kadin ', 'Jl. HR. Rasuna Said Blok X 1 Kav.1-2 Kuningan Jakarta Selatan ', 3),
	('KSO-0000025', 'Menara BDN', 'Jl. MH. Thamrin No.5, Jakarta Pusat', 3),
	('KSO-0000026', 'Wisma Arthaloka', 'Jl. Jend. Sudirman Kav. 2, Jakarta Pusat 10220 ', 3),
	('KSO-0000027', 'Wisma Indocement', 'Jl. Sudirman Kav.70-71 Jakarta 12910', 1),
	('KSO-0000028', 'Mega Mall Manado', 'Jl. Plere Tendean Boulevard Kawasan Mega Mas, Manado, Sulawesi Utara 95111 ', 2),
	('KSO-0000033', 'Sudirman Park', 'Jl. KH. Mas Mansyur Kav. 35, Karet Tengsin, Tanah Abang, Jakarta Pusat ', 2),
	('KSO-0000034', 'Graha Mandiri d/h Menara BBD', 'Jl. Imam Bonjol No.61, Menteng, Kota Jakarta Pusat, Daerah Khusus Ibukota Jakarta 10310', 3),
	('KSO-0000035', 'Plaza Mandiri ', 'Jl. Jend. Gatot Subroto No.36-38, Senayan, Kby. Baru, Kota Jakarta Selatan, Daerah Khusus Ibukota Jakarta 12190', 2),
	('KSO-0000036', 'Mall Matahari Karawang', 'Jl. Tuparev No. 1, Karawang, Jawa Barat 41312', 2),
	('KSO-0000037', 'Kuta Paradiso Hotel', 'Jl. Kartika Plasa Kuta, Bali', 1),
	('KSO-0000039', 'Mall Rita Cilacap', 'Jl. Ahmad Yani No. 83-85, Cilacap, Jawa Tengah', 1),
	('KSO-0000040', 'RSUD Setjonegoro Wonosobo ', 'Jl. Rumah Sakit No. 1 Wonosobo, Jawa Tengah 56312, Telp : 0286-320191, 0286-323873 ', 2),
	('KSO-0000041', 'Hotel Quality Solo', 'Jl. Ahhmad Yani 40, Solo, Jawa Tengah 57143 ', 3),
	('KSO-0000042', 'Swalayan Bravo Bojonegoro', 'Jl Pemuda 37-39,Mojokampung, Bojonegoro, Jawa Timur 62116', 3),
	('KSO-0000043', 'RSUD Baptis Kediri', 'Jl. Brigjen. Polisi I. B. H. Pranoto No. 1-7, Bangsal, Pesantren, Kediri, Jawa Timur 64131', 1),
	('KSO-0000044', 'Garden Palace Hotel', 'Jl. Yos Sudarso 11, East Java, Surabaya 60271', 3),
	('KSO-0000045', 'Sadang Terminal Square ', 'Jl. Raya Sadang, Purwakarta-Jawa Barat', 2),
	('KSO-0000046', 'R.S. Hermina Bekasi ', 'Jl. Kemakmuran 39, Bekasi 17141', 1),
	('KSO-0000047', 'Bekasi Cyber Park', 'Jl. KH. Noer Ali 177, Bekasi, Jawa Barat 17148', 2),
	('KSO-0000048', 'Ramayana Semper', 'Jl. Kramat Jaya Semper Jakarta Utara', 3),
	('KSO-0000049', 'LIA Kelapa Gading', 'Jl. Raya Bulevar Barat XB/1-2, Kelapa Gading Permai, Jakarta Utara 1424', 2),
	('KSO-0000051', 'RSIA Hermina Jatinegara', 'Jl. Jatinegara Barat No. 126 Jakarta Timur 13320', 3),
	('KSO-0000052', 'PD.Jatinegara ', 'Jl Pasar Jatinegara Balimester, 13310 Jakarta Timur', 1),
	('KSO-0000053', 'Menara Dynaplast', 'Jl. MH. Thamrin 1 Komp. Lippo Karawaci, Tangerang - Indonesia ', 3),
	('KSO-0000054', 'Menara Hijau', 'Jl. MT. Haryono Kav. 33. Jakarta Selatan 12770', 3),
	('KSO-0000056', 'Apartemen Adhi Graha (Surveyor Indonesia)', 'Jl. Jend. Gatot Subroto Kav.56, Jakarta Selatan 12950', 2),
	('KSO-0000057', 'Aneka Tambang', 'Jl. Letjen T. B. Simatupang No. 1, Lingkar Selatan, RT.10/RW.4, Tanjung Barat, Jakarta Selatan, 12530', 1),
	('KSO-0000058', 'Gedung Sucofindo Pasar Minggu', 'Jl. Raya Pasar Minggu Kav.34, Jakarta Selatan 12780', 1),
	('KSO-0000059', 'Bidakara', 'Jl. Jendral Gatot Subroto Kav. 71 - 73 Menteng Dalam Tebet Jakarta Selatan DKI Jakarta 12870', 1),
	('KSO-0000060', 'Sheraton Media Hotel', 'Jl. Gunung Sahari 3, Jakarta 10720', 1),
	('KSO-0000061', 'Pasar Festival ', 'Jl. Hr. Rasuna Said Kav - 22, Kuningan 12940', 1),
	('KSO-0000062', 'Granadi', 'Jl. HR. Rasuna Said Block X-1 Kav. 8-9, Kuningan, Jakarta Selatan, DKI Jakarta 12950', 1),
	('KSO-0000063', 'Plasa Metro Pasar Baru ', 'Jl. K.H. Samanhudi, Pasar Baru, Jakarta Pusat', 2),
	('KSO-0000064', 'Harco Pasar Baru', 'Jl. H. Samanhudi 133, Jakarta Pusat ', 1),
	('KSO-0000065', 'Wisma Budi', 'JL. HR. Rasuna Said Kav C-6, Jakarta Selatan', 1),
	('KSO-0000067', 'Trans TV', 'Jl. Kapten Tendean Kav 12-14 A Mampang Prapatan, Jakarta Selatan', 1),
	('KSO-0000068', 'Graha Inti Fauzi', 'Jl. Warung Buncit Raya No. 22 Jakarta Selatan', 2),
	('KSO-0000069', 'STIE Perbanas', 'Jl Perbanas Karet Kuningan Jakarta 12940', 2),
	('KSO-0000070', 'RSIA Hermina Depok', 'Jl.Raya Siliwangi No. 50, Depok, Jawa Barat ', 1),
	('KSO-0000071', 'Deutsche Bank Building', 'Jl. Imam Bonjol No. 80 Menteng Menteng Jakarta Pusat 10310', 2),
	('KSO-0000072', 'Hotel Saripan Pasific', 'Jl Mohammad Husni Thamrin 6 Kebon Kacang 10240', 3),
	('KSO-0000074', 'Wisma Bumiputra', 'Jl. Jenderal Sudirman Kav 75, Jakarta Selatan 10210', 1),
	('KSO-0000075', 'DTC Sawangan', 'Jl. Raya Sawangan, Depok, Jawa Barat', 1),
	('KSO-0000076', 'Hotel Ibis Mangga Dua', 'Jl. Pangeran Jayakarta Jakarta 10730', 3),
	('KSO-0000077', 'Menara Global', 'Jl. Jend. Gatot Subroto Kav. 27, Kuningan Timur, Jakarta Selatan', 2),
	('KSO-0000078', 'Kantor Pusat BNI', 'Jl Jend Sudirman Kav.1 J akarta 10220', 1),
	('KSO-0000079', 'Wisma Hayam Wuruk (BDN )', 'Jl. Hayam Wuruk 8, kebon kelapa, Jakarta 10120 ', 3),
	('KSO-0000080', 'Permata Bank JKT ', 'Jl. Jend Sudirman Kav 27 Karet Setiabudi, Telp : (021) 5237899', 3),
	('KSO-0000081', 'Mall Puri Agung', 'Jl. Kamal Raya Outer Ring Road-Cengkareng 11730, Indonesia', 2),
	('KSO-0000082', 'Hotel Ascott', 'Jl. Kebon Kacang Raya No. 2, Jakarta 10230', 1),
	('KSO-0000084', 'Hayam Wuruk Indah Lindeteves', 'Jl. Hayam Wuruk No. 100 Pasar HWI Lindeteves lt. 3 ', 1),
	('KSO-0000085', 'Rs. Jakarta', 'Jl. Jend Sudirman Kav. 49 Jakarta 12930', 3),
	('KSO-0000086', 'K7', 'Jl. Kunir No.7, Taman Sari, Tamansari, Kota Jakarta Barat, DKI Jkt 11110', 3),
	('KSO-0000087', 'Gd. Walikota Jakarta Selatan', 'Jl. Prapanca Raya No.9 Jakarta Selatan ', 1),
	('KSO-0000088', 'Sheraton Bandara ', 'Kawasan Bandara Soekarno-Hatta, Jalan Tol Prof. Dr. Ir. Sedyatmo, Kecamatan Tangerang, Pajang, Benda, Kota Tangerang, Banten 19110', 3),
	('KSO-0000089', 'Wisma 77', 'Jl. Letjend. S. Parman Kav. 77, Jakarta Barat 11410 ', 2),
	('KSO-0000090', 'Ramayana Cilegon', 'Jln. Jend Achamad Yani Cilegon; Cilegon-Banten 42423', 2),
	('KSO-0000091', 'Gedung Samudera Indonesia', 'Jl. Letjen S Parman Kav 35 Slipi Palmerah Jakarta Barat DKI Jakarta', 1),
	('KSO-0000093', 'Wisma Bisnis Indonesia', 'Jl. KH. Mas Mansyur Kav 12A Karet Tengsin. Jakarta Pusat 10220', 2),
	('KSO-0000094', 'Hotel Salak', 'Jl. Ir Juanda No.8 Bogor, Jawa Barat', 2),
	('KSO-0000095', 'Ventura Building', 'Jl. RA Kartini No. 26 Cilandak Cilandak Jakarta Selatan DKI Jakarta', 1),
	('KSO-0000096', 'FTI Trisakti', 'Jl. Kyai Tapa No. 1 Grogol, Jakarta Barat, Indonesia ', 1),
	('KSO-0000097', 'Mercure Hotel & Apartemen Tropik', 'Jl. Letnan Jenderal S Parman Kav 3, Jakarta Barat 11470', 3),
	('KSO-0000098', 'Gedung Balai Kota Jakarta', 'Jl. Merdeka Selatan Blok.8-9, Jakarta Pusat ', 1),
	('KSO-0000099', 'Menara Fedex', 'Jl. Ciputat Raya kav 99 Pondok Pinang, Jakarta Selatan', 1),
	('KSO-0000100', 'Ramayana Ciputat ', 'Jl. Dewi Sartika, Ciputat, Tangerang Selatan-Banten', 1),
	('KSO-0000101', 'Hotel Jayakarta', 'Jl. Raya Senggigi Km. 4, Lombok, Nusa Tenggara Barat ', 2),
	('KSO-0000102', 'Hotel Quality Manado', 'Jl. Piere Tendean No. 88/89 Boulevard Manado 95114', 1),
	('KSO-0000103', 'Garuda Plaza Hotel', 'Jl. Sisingamangaraja No.18, Medan, Sumatera Utara', 2),
	('KSO-0000104', 'Basko Grand Mall (ex Minang Plaza Padang) ', 'Jl. Prof. Dr. Hamka No. 2A, Padang, Sumatera Barat', 1),
	('KSO-0000105', 'Novotel Soechi Medan ', 'Jl. Cirebon No. 76-A, Medan 20212 Sumatera Utara', 2),
	('KSO-0000106', 'Plaza Suzuya Binjai ', 'Jl. DR.Sutomo No.1 Binjai Sumatera Utara', 3),
	('KSO-0000109', 'Hotel Pasific Batam', 'Jl. Duyung Sei. Jodoh, Batam, Kepri 29432', 3),
	('KSO-0000110', 'Yang Lim Plaza', 'Jl. Emas No. 23, Medan, Sumatera Utara', 3),
	('KSO-0000111', 'Central Plaza', 'Jl. Raden Ajeng Kartini No. 62, Bandar Lampung, Lampung 35128', 2),
	('KSO-0000112', 'Hotel Bukit Randu', 'Jl. Kamboja Street, No 1 - 2 A Kebon Jeruk, Bandar Lampung', 1),
	('KSO-0000113', 'Hotel Marcopolo', 'Jl. Dr susilo no 4, City Center Bandar Lampung', 3),
	('KSO-0000114', 'Megaria Palembang', 'Jl. TP.Rustam Effendi Palembang, Sumatera Selatan', 1),
	('KSO-0000116', 'Kantor Gubernur Sumsel', 'Jl. Kapt. A Rivai, Palembang, Sumatera Selatan', 3),
	('KSO-0000117', 'Univ Tulang Bawang Lampung', 'Jl. Gajahmada 34 Kotabaru , Bandar Lampung 35121, Lampung ', 1),
	('KSO-0000118', 'RS. Pertamina Klayan', 'Jl. Patra Raya Klayan Cirebon 45151', 3),
	('KSO-0000119', 'Grage Mall', 'Jl. Tentara Pelajar No. 1, Cirebon, Jawa Barat', 1),
	('KSO-0000120', 'RS. Al Islam ', 'Jl. Soekarno Hatta No.644 Bandung', 2),
	('KSO-0000121', 'Graha Bumi Putra  Bandung', 'Jl. Asia Afika No.141-149, Bandung, Jawa Barat', 2),
	('KSO-0000122', 'Wisma HSBC', 'Jl. Asia Afrika No.116 Bandung, Jawa Barat', 2),
	('KSO-0000123', 'Hotel Preanger', 'Jl.Asia afrika No.81 Bandung, Jawa Barat', 3),
	('KSO-0000124', 'Savoy Homann Bidakara Hotel', 'Jl. Asia Afrika No 112 Bandung, Jawa Barat 40261', 1),
	('KSO-0000125', 'Dago Boutique Mall', 'Jl. Ir. H. No Juanda. 181, Bandung - Jawa barat', 3),
	('KSO-0000126', 'Braga City Walk Shopping Center', 'Jl. Braga 99-101 Bandung, Jawa Barat 40111', 3),
	('KSO-0000127', 'BRI Tower Bandung', 'Jl. Asia Afrika No.57-59, Bandung, Jawa Barat', 3),
	('KSO-0000128', 'Hotel Arjuna Bandung', 'Jl. Ciumbuleuit No. 152, Bandung, Jawa Barat 40142', 2),
	('KSO-0000129', 'Rs. Santosa International Bandung', 'Jln.Kebon jati no 38 Bandung, Jawa Barat ', 1),
	('KSO-0000131', 'IBCC', 'Jl. Jend.Ahmad Yani No.296 Bandung, Jawa Barat', 2),
	('KSO-0000132', 'Hotel Santika Pontianak', 'Jl P Diponegoro Khatulistiwa Plaza 45-C, Sekip Darat, Pontianak Barat, Kota Pontianak, Kalimantan Barat 78117', 2),
	('KSO-0000133', 'Wisma SMR', 'Jl. Yos Sudarso Kav. 89 Jakarta 14350  ', 1),
	('KSO-0000134', 'Sona Topas ', 'Jl. Jend. Sudirman Kav. 26, Jakarta 12920, Indonesia', 1),
	('KSO-0000135', 'MPR/DPR RI Nusantara 2 dan 3 ', 'Komplek Gedung DPR/MPR/DPD RI , Jl. Jend Gatot Subroto Jakarta', 1),
	('KSO-0000136', 'Arion Swiss Bell Hotel Bdg', 'Jl. Otto Iskandardinata No. 16 Bandung, Jawa Barat - Kelurahan. Pasar Kaliki ', 3),
	('KSO-0000138', 'Hotel Lor In Solo', 'Jl. Adi Sucipto No. 47, Solo, Jawa Tengah , Indonesia ', 2),
	('KSO-0000139', 'Hotel Sahid Raya Yogyakarta', 'Jl. Babarsari, Caturtunggal, Yogyakarta, Kabupaten Sleman, Daerah Istimewa Yogyakarta 55281', 1),
	('KSO-0000140', 'Hotel Hyatt Regency Jogjakarta', 'Jl. Palagan Tentara Pelajar, Yogyakarta', 2),
	('KSO-0000141', 'Gd. Walikota Jakarta Timur', 'Jl. Dr. Soemarno Blok A Lantai 7 Pulo Gebang, Jakarta Timur ', 2),
	('KSO-0000142', 'Plaza Summarecon ', 'Jl. Perintis Kemerdekaan No. 42, Jakarta Timur 13210', 2),
	('KSO-0000143', 'Menara Gracia', 'Jl. H.R. Rasuna Said Kav. C17, Jakarta Selatan', 1),
	('KSO-0000144', 'Grand Citra Sommerset', 'Jl. Prof. Dr. Satrio Kav. 1, Jakarta Selatan 12940', 1),
	('KSO-0000145', 'RSAL Dr Mintoharjo', 'Jl . Bendungan Hilir No. 17 A, Jakarta Pusat', 2),
	('KSO-0000146', 'Graha Iskandarsyah', 'Jl. Iskandarsyah Raya no. 66 C Kebayoran Baru, Jakarta Selatan', 2),
	('KSO-0000147', 'Metro TV ', 'Jl. Pilar Mas Kav. A-D, Kedoya-Kebon Jeruk', 1),
	('KSO-0000148', 'Kantor Walikota Jakbar', 'Jl. Raya Kembangan No.2 -Telp 5821720 Kelurahan Kembangan Utara, Kecamatan Kembangan, Jakarta Barat 11610', 3),
	('KSO-0000149', 'Lombok Raya Hotel', 'Jl. Panca Usaha No. 11 Mataram - Lombok, NTB ', 3),
	('KSO-0000150', 'Sheraton Senggigi Beach', 'Jl. Raya Senggigi Km. 8, Senggigi, Lombok, Nusa Tenggara Barat ', 2),
	('KSO-0000151', 'Ciputra Mall Seraya Pekanbaru', 'Jl. Riau No. 58 Pekanbaru, Riau 28154 ', 2),
	('KSO-0000152', 'Hotel Sahid Imara', 'Jl. Jend. Sudirman No.1111A, Sungai Pangeran, Ilir Tim. I, Kota Palembang, Sumatera Selatan 30128', 3),
	('KSO-0000153', 'Garden Permata Hotel (ex. Permata Bidakara Hotel) ', 'Jl. Lemahneundeut No. 7, Sukawarna, Sukajadi, Sukawarna, Sukajadi, Kota Bandung, Jawa Barat 40164', 1),
	('KSO-0000154', 'Adisucipto Yogyakarta', 'Jl. Raya Solo KM.9, Maguwoharjo, Kec. Depok, Kabupaten Sleman, Daerah Istimewa Yogyakarta 55282', 1),
	('KSO-0000156', 'Abadi Suite Hotel', 'Jl. Prof. H. M.O. Bafadhal No. 111, Kota Jambi, Jambi', 3),
	('KSO-0000157', 'RS. Hermina ', 'Jl. Basuki Rahmat No. 897 Rt. 011 Rw. 003, Kelurahan Ilir II Kecamatan Kemuning, Palembang', 1),
	('KSO-0000158', 'RS Adi Husada Undaan ', 'Jl. Undaan Wetan 40-44 Surabaya 60271', 1),
	('KSO-0000159', 'Ramayana Medan ', 'Jl. K.H. Wahid Hasyim No. 220 A-B, Jakarta', 2),
	('KSO-0000160', 'Uniland Tower 1&2', 'Jl. MT. Haryono No. A-1 Medan, Sumatera Utara', 3),
	('KSO-0000161', 'Kampus MDP', 'Jl. Rajawali No. 14 Rt : 026 Rw : 006,Kelurahan 9 Ilir, Kecamatan Ilir Timur II, Palembang ', 3),
	('KSO-0000162', 'Hotel Peninsula', 'Jl. Residen H. Abdul Rozak No. 168, Palembang', 1),
	('KSO-0000163', 'Plaza Doho Kediri ', 'Jl. Brigjen Katamso 1A Kediri 64126', 2),
	('KSO-0000164', 'Mall Batu', 'Jl. Gajah Mada No. 1 Batu, Jawa Timur', 2),
	('KSO-0000165', 'Pasar Genteng Surabaya ', 'Jl. Manyar Kertoarjo V/2 Surabaya', 1),
	('KSO-0000166', 'President Plaza Madiun ', 'Jln.Alon-alon Timur, kel.pangongangan madiun', 1),
	('KSO-0000168', 'Plaza Timbul Jaya ', 'Jl. Pahlawan 46 - 48 Madiun', 1),
	('KSO-0000169', 'PASAR BAWAH', 'Jl. M. Yatin No. 1, Pekanbaru', 3),
	('KSO-0000171', 'RS. Grestelina', 'Jl. Hertasning,No.51 Makassar', 3),
	('KSO-0000172', 'Ramayana Andalas ', 'Jln. Pemuda, Eks Terminal Andalas Padang 25117', 3),
	('KSO-0000193', 'Gedung Graha Irama', 'Jl. HR. Rasuna Said Blik X-1 Kav. 1 & 2, Jakarta 12950 ', 2),
	('KSO-0000194', 'ASPAC Kuningan', 'Jl. HR.Rasuna Said Kav.X-2 No.4 Kuningan, Jakarta Selatan 12950, Indonesia', 2),
	('KSO-0000195', 'RS Gleanagles Medan (Columbia Asia Hospital) ', 'Jl Listrik No 6 / 2a Medan Sumut 20112, Tlp 061-4566368', 3),
	('KSO-0000196', 'Hotel Plaza Purwakarta', 'Blok L, Kota Bukit Indah Purwakarta 41181', 2),
	('KSO-0000197', 'Sheraton Hotel Lampung ', 'Jl. Wolter Wonginsidi No 17, Bandar Lampung', 2),
	('KSO-0000200', 'Apartemen Taman Rasuna 5 (Tower 10B, 14,15,16,17) ', 'Taman Rasuna Apartment Tower 1-8, Lower Ground Floor, Jl. HR. Rasuna Said No. 25, Kuningan, Jakarta Selatan, DKI Jakarta 12960 Phone: (021) 9393939, (021) 8350203 Fax: (021) 8305374', 3),
	('mac-test', 'MAC test', 'Jl. Jend. Sudirman - Jakarta', 1),
	('MOS-0000001', 'PLAZA AMBARRUKMO', 'Jl. Laksda Adisucipto, Depok, Sleman, Daerah Istimewa Yogyakarta 55281', 3),
	('MOS-0000002', 'APARTMENT LAGUNA PLUIT', 'Jl. Pluit Timur Blok MM, Jakarta Utara', 2),
	('MOS-0000003', 'MIKO MALL (EX IITC KOPO)', 'Jl. Raya Kopo, Margasuka, Babakan Ciparay, Kota Bandung, Jawa Barat 40225', 3),
	('MOS-0000004', 'METRO INDAH MALL (EX METRO TRADE CENTER)', 'Jl. Soekarno Hatta, Kawasan Niaga MTC, No.590, Kota Bandung, Jawa Barat 40286', 1),
	('MOS-0000004M', 'Metro Indah Mall (ex Metro Trade Center) - Makro ', 'Jl. Soekarno Hatta, Kawasan Niaga MTC, No.590, Kota Bandung, Jawa Barat 40286', 3),
	('MOS-0000005', 'KANTOR PEMERINTAH KOTA JAKARTA UTARA (PEMKOT JAKARTA UTARA)', 'Jl. Yos Sudarso No. 27-29, Tanjung Priok, Jakarta 14320', 1),
	('MOS-0000006', 'STMT TRISAKTI', 'Jl. IPN No. 2, Cipinang Besar Selatan, Jakarta Timur', 3),
	('MOS-0000007', 'KANTOR KEMENTERIAN PEMUDA DAN OLAH RAGA R.I.', 'Jl. Gerbang Pemuda, Kebayoran Lama, Jakarta Selatan', 3),
	('MOS-0000008', 'MALL CIMAHI', 'Jl. Ganda Wijaya No. 1, Setiamanah, Cimahi Tengah, Kota Cimahi, Jawa Barat 40524', 1),
	('MOS-0000008M', 'Mall Cimahi (Makro) ', 'Jl. Ganda Wijaya No. 1, Setiamanah, Cimahi Tengah, Kota Cimahi, Jawa Barat 40524', 1),
	('MOS-0000009', 'APARTMENT SETIABUDI RESIDENCE', 'Jl. HR. Rasuna Said Kav 62, Jakarta 12920', 1),
	('MOS-0000010', 'THE SUMMIT APARTMENT', 'Jl. Gading Indah Raya, Jakarta Utara', 1),
	('MOS-0000011', 'KANTOR KEMENTERIAN PERINDUSTRIAN R.I. ', 'Jl. Gatot Subroto Kav. 52-53, Jakarta Selatan 12950', 1),
	('MOS-0000012', 'JOGJA INTERNASIONAL HOSPITAL (JIH)', 'Jl. Ring Road Utara No. 160, Condong Catur, Sleman, Yogyakarta 55283', 2),
	('MOS-0000013', 'KRAMAT JATI INDAH PLAZA (KJIP)', 'Jl. Raya Bogor Km 19, Jakarta 13510', 3),
	('MOS-0000014', 'UNIVERSITAS TRISAKTI KAMPUS F', 'Jl. Jend. A. Yani, Jakarta Pusat 10510', 2),
	('MOS-0000014M', 'Univ. Trisakti Kampus F (Makro) ', 'Jl. Jend. A. Yani, Jakarta Pusat 10510', 3),
	('MOS-0000015', 'GUMAYA TOWER HOTEL', 'Jl. Gajah Mada No. 59-61, Semarang', 1),
	('MOS-0000016', 'PLAZA PONDOK GEDE 2', 'Jl. Raya Pondok Gede No. 1, Bekasi, Jawa Barat', 3),
	('MOS-0000017', 'RUMAH SAKIT PERSAHABATAN', 'Jl. Raya Persahabatan, Jakarta 13230', 1),
	('MOS-0000018', 'KANTOR SEKRETARIAT NEGARA R.I.', 'Jl. Veteran No. 17-18, Jakarta 10110', 1),
	('MOS-0000019', 'THE CAPITAL RESIDENCE APARTMENT - 1', 'Sudirman CBD Lot 24, Jl. Jendral Sudirman Kav. 52-53, Jakarta 12190', 3),
	('MOS-0000020', 'THE CAPITAL RESIDENCE APARTMENT - 2', 'Sudirman CBD Lot 24, Jl. Jendral Sudirman Kav. 52-53, Jakarta 12190', 3),
	('MOS-0000021', 'KANTOR KEMENTERIAN KELAUTAN DAN PERIKANAN R.I.', 'Jl. Medan Merdeka Timur No. 16, Jakarta Pusat', 3),
	('MOS-0000022', 'RUMAH SAKIT PONDOK INDAH', 'Jl. Metro Duta Kav UE, Pondok Indah, Jakarta Selatan', 3),
	('MOS-0000023', 'CONDOMINIUM CBD PLUIT 1', 'Jl. Pluit Raya Selatan, Jakarta Utara', 1),
	('MOS-0000024', 'CONDOMINIUM CBD PLUIT 2', 'Jl. Pluit Raya Selatan, Jakarta Utara', 2),
	('MOS-0000025', 'RUMAH SAKIT PURI INDAH', 'Jl. Puri Indah Raya Blok S-2, Kembangan, West Jakarta 11610', 1),
	('MOS-0000026', 'GRAND MERCURE MIRAMA HOTEL', 'Jl. Raya Darmo No. 68-79, Surabaya', 2),
	('MOS-0000027', 'KAPAS KRAMPUNG EAST TRADE CENTER (EAST POINT)', 'Jl. Kapas Krampung, Tambakrejo, Simokerto, Surabaya, Jawa Timur', 1),
	('MOS-0000028', 'KEDOYA ELOK APARTMENT', 'Jl. Panjang No. 1, Kedoya Selatan, Kebon Jeruk, Jakarta Barat', 1),
	('MOS-0000029', 'SOPHIE PARIS INDONESIA (EX SOPHIE MARTIN)', 'Jl. Adhyaksa Raya, Lebak Bulus, Jakarta Selatan', 1),
	('MOS-0000030', 'MALIOBORO HOTEL DAN SPA', 'Jl. Gajah Mada No. 13, Jakarta 10130', 2),
	('MOS-0000031', 'UNIVERSITAS MERCU BUANA - KAMPUS MERUYA', 'Jl. Raya Meruya Selatan, Joglo Kembangan, Jakarta Barat', 3),
	('MOS-0000032', 'UNIVERSITAS PENDIDIKAN INDONESIA (UPI) YAI', 'Jl. Diponegoro No. 74, Jakarta Pusat', 2),
	('MOS-0000033', 'JAKARTA RESIDENCE', 'Jl. Kebon Kacang Raya, Tanah Abang, Jakarta Pusat', 3),
	('MOS-0000034', 'WISMA ASIA II (BCA SLIPI 2)', 'Jl. Brigjend. Katamso, Slipi, Jakarta Barat', 1),
	('MOS-0000035', 'PLAZA ASIA', 'Jl. K. H. Z. Mustofa No.326, Tugujaya, Cihideung, Tasikmalaya, Jawa Barat 46126', 3),
	('MOS-0000036', 'MAYASARI PLAZA', 'Jl. Pasar Wetan No. 11, Argasari, Cihideung, Tasikmalaya, Jawa Barat 46122', 3),
	('MOS-0000037', 'PLAZA BUARAN (CARREFOUR BUARAN)', 'Jl. Raden Inten No. 1, Klender, Duren Sawit, Jakarta Timur', 3),
	('MOS-0000038', 'PLAZA BUKITTINGGI', 'Jl. Jend. A. Yani, Bukittinggi, Sumatera Barat', 3),
	('MOS-0000039', 'PASAR BANTO BUKITTINGGI', 'Jl. Soekarno Hatta, Bukittinggi', 1),
	('MOS-0000040', 'I HOTEL BATAM', 'Jl. Teuku Umar, Bukit Nagoya, Batam 29432', 1),
	('MOS-0000041', 'SURABAYA TOWN SQUARE (SUTOS) DAN TS SUITES SURABAYA HOTEL', 'Jl. Adityawarman No. 55, Surabaya, Jawa Timur', 2),
	('MOS-0000042', 'GRAND UJUNG MENTENG (EX PLAZA UJUNG MENTENG)', 'Jl. Raya Bekasi No. 25, Jakarta Timur', 1),
	('MOS-0000043', 'GIANT UJUNG MENTENG', 'Jl. Raya Bekasi, Jakarta Timur', 1),
	('MOS-0000044', 'RUMAH SAKIT GADING PLUIT', 'Jl. Boulevard Timur - Kelapa Gading, Jakarta 14240', 3),
	('MOS-0000045', 'RUMAH SAKIT PLUIT', 'Jl. Raya Pluit Selatan No. 2, Jakarta Utara 14450', 1),
	('MOS-0000046', 'RUMAH SAKIT SAHID SAHIRMAN', 'Jl. Jend. Sudirman No. 86, Jakarta Pusat 10220', 2),
	('MOS-0000047', 'KANTOR KEMENTERIAN PERHUBUNGAN R.I.', 'Jl. Medan Merdeka Barat No. 8, Jakarta Pusat 10160', 2),
	('MOS-0000047M', 'Dep. Perhubungan (Makro)', 'Jl. Medan Merdeka Barat No. 8, Jakarta Pusat 10160', 2),
	('MOS-0000048', 'PAMANUKAN TRADE CENTER', 'Jl. Haji Ikhsan, Pamanukan, Subang, Jawa Barat 41254', 3),
	('MOS-0000049', 'PLAZA TAMAN MODERN (CARREFOUR CAKUNG)', 'Jl. Raya Bekasi Km. 24, Cakung, Jakarta Timur 13960', 2),
	('MOS-0000050', 'RSU HAJI SURABAYA', 'Jl. Manyar Sabrangan, Surabaya', 1),
	('MOS-0000051', 'HAMPTON S PARK APARTMENT 1 (TW 3A,3B)', 'Jl. Terogong Raya, Cilandak, Jakarta Selatan 12430', 1),
	('MOS-0000052', 'HAMPTON S PARK APARTMENT 2 (TW 1,2)', 'Jl. Terogong Raya, Cilandak, Jakarta Selatan 12430', 3),
	('MOS-0000053', 'HAMPTON S PARK APARTMENT 3 (TW 3,4B)', 'Jl. Terogong Raya, Cilandak, Jakarta Selatan 12430', 3),
	('MOS-0000054', 'MEDAN MALL', 'Jl. MT. Haryono, Medan, Sumatera Utara', 2),
	('MOS-0000055', 'BINJAI SUPERMALL', 'Jl. Soekarno Hatta No. 14, Binjai 20731', 3),
	('MOS-0000056', 'GRAND ASTON CITY HALL MEDAN', 'Jl. Balai Kota No. 1, Pulau Brayan, Medan 20112', 2),
	('MOS-0000056M', 'Grand Aston Medan (Macro) ', 'Jl. Balai Kota No. 1, Pulau Brayan, Medan 20112', 1),
	('MOS-0000057', 'CAMBRIDGE MALL', 'Cambridge City Square, Jl. Letjend. S. Parman, Medan, Sumatera Utara', 3),
	('MOS-0000058', 'CAMBRIDGE APARTMENT DAN HARRIS HOTEL MEDAN', 'Cambridge City Square, Jl. Letjend. S. Parman, Medan', 3),
	('MOS-0000059', 'SUMATERA PROMOTION CENTRE (SPC)', 'Jl. Engku Puteri Kav.1, Batam Centre, Batam', 3),
	('MOS-0000060', 'MAKASSAR TOWN SQUARE', 'Jl. Perintis Kemerdekaan, Panakkukang, Makassar', 3),
	('MOS-0000061', 'FAJAR GRAHA PENA MAKASSAR', 'Jl. Urip Sumohardjo No. 21, Makassar 90231', 2),
	('MOS-0000062', 'PESONA BAHARI APARTMENT', 'Jl. Mangga Dua Abdad, Mangga Dua Selatan, Jakarta 10730', 2),
	('MOS-0000063', 'FLOBAMORA MALL', 'Jl. LJ. Lalamentik, Kupang, Nusa Tenggara Timur', 1),
	('MOS-0000064', 'RAMADA RESORT HOTEL BALI', 'Jl. Pratama No. 97-A, Tanjung Benoa, Nusa Dua, Bali 80363', 2),
	('MOS-0000065', 'NIKKI SQUARE (ASTON DENPASAR)', 'Jl. Gatot Subroto Barat No. 283 Denpasar, Bali 80231', 1),
	('MOS-0000066', 'HOTEL LUXTON', 'Jl. Ir. H.Djuanda No.18, Ciumbuleuit, Cidadap, Kota Bandung, Jawa Barat 40115', 3),
	('MOS-0000067', 'MEDITERANIA BOULEVARD RESIDENCE', 'Jl. Landas Pacu Utara Kav. A-1 No. 2, Kemayoran, Jakarta Pusat', 1),
	('MOS-0000068', 'TANAH ABANG CENTRE (JTTC TANAH ABANG)', 'Tanah Abang Centre Blok D.1, Jakarta Pusat', 1),
	('MOS-0000069', 'NIRVANA APARTMENT', 'Jl. Tanjung Duren Raya No. 5-9, Grogol Petamburan, Jakarta Barat 11470', 3),
	('MOS-0000070', 'HOTEL ASTON MEDITERANIA MARINA ANCOL (TOWER A)', 'Jl. Lodan Raya No. 2A, Ancol, Jakarta 14430', 1),
	('MOS-0000071', 'APARTMENT MEDITERANIA MARINA RESIDENCE (TOWER B)', 'Jl. Lodan Raya No. 2A, Ancol, Jakarta 14430', 2),
	('MOS-0000072', 'APARTMENT MEDITERANIA MARINA RESIDENCE (TOWER C)', 'Jl. Lodan Raya No. 2A, Ancol, Jakarta 14430', 3),
	('MOS-0000073', 'APARTMENT MEDITERANIA MARINA RESIDENCE (TOWER D)', 'Jl. Lodan Raya No. 2A, Ancol, Jakarta 14430', 1),
	('MOS-0000074', 'SALEMBA RESIDENCES', 'Jl. Salemba Tengah II No. 10, Paseban, Senen, Jakarta Pusat', 1),
	('MOS-0000075', 'MARBELLA KEMANG RESIDENCE', 'Jl. Bangka Raya No. 45A, Jakarta Selatan 12730', 1),
	('MOS-0000076', 'PATRIA PARK APARTMENT', 'Jl. Jend. D.I. Panjaitan Kav. 5-7, Cawang, Jakarta Timur', 3),
	('MOS-0000077', 'PATRIA PARK HOTEL', 'Jl. Jend. D.I. Panjaitan Kav. 5-7, Cawang, Jakarta Timur', 2),
	('MOS-0000078', 'PAMULANG SQUARE', 'Jl. Raya Siliwangi, Pamulang Barat, Tangerang', 2),
	('MOS-0000079', 'MODERN GOLF APARTMENT - 1', 'Jl. Hartono Raya (adj to Metropolis Town Square), Kota Modern, Tangerang 15117', 2),
	('MOS-0000080', 'MODERN GOLF APARTMENT - 2', 'Jl. Hartono Raya (adj to Metropolis Town Square), Kota Modern, Tangerang 15117', 2),
	('MOS-0000081', 'PASAR 16 ILIR PALEMBANG', 'Jl. Pasar 16 Ilir, Kota Palembang, Sumatera Selatan', 1),
	('MOS-0000082', 'CITY HOME APARTMENT - 1', 'Jl. Raya Boulevard Barat No. 1, Jakarta Utara 14240', 2),
	('MOS-0000083', 'CITY HOME APARTMENT - 2', 'Jl. Raya Boulevard Barat No. 1, Jakarta Utara 14240', 2),
	('MOS-0000084', 'CITY HOME APARTMENT - 3', 'Jl. Raya Boulevard Barat No. 1, Jakarta Utara 14240', 2),
	('MOS-0000085', 'ROYAL ASIA HOTEL', 'Jl. Veteran No.521, Kepandean Baru, Ilir Tim. I, Kota Palembang, Sumatera Selatan 30114', 2),
	('MOS-0000085M', 'Hotel Royal Asia Palembang (Makro) ', 'Jl. Veteran No.521, Kepandean Baru, Ilir Tim. I, Kota Palembang, Sumatera Selatan 30114', 2),
	('MOS-0000086', 'GOLDEN VIEW HOTEL', 'Jl. Bengkong Laut, Batu Ampar, Batam 29433', 1),
	('MOS-0000086M', 'Golden View Batam (Macro) ', 'Jl. Bengkong Laut, Batu Ampar, Batam 29433', 2),
	('MOS-0000087', 'RAMAYANA BANDAR LAMPUNG', 'Jl. Raden Intan, Tanjung Karang Pusat, Gn. Sari, Engal, Kota Bandar Lampung, Lampung', 3),
	('MOS-0000088', 'SUDIRMAN RESIDENCES', 'Jl. Jend. Sudirman  Kav. 76-78, Jakarta 12910', 1),
	('MOS-0000090', 'PLAZA MALANG', 'Jl. KH. Agus Salim 28, Klojen, Malang, Jawa Timur 65118', 2),
	('MOS-0000091', 'MILLENIUM PLAZA', 'Jl. Kapten Muslim No. 111, Medan, Sumatera Utara', 1),
	('MOS-0000091M', 'Millenium Plaza (Macro) ', 'Jl. Kapten Muslim No. 111, Medan, Sumatera Utara', 3),
	('MOS-0000092', 'PLAZA MEDAN FAIR', 'Jl. Iskandar Muda No. 321, Medan, Sumatera Utara', 3),
	('MOS-0000093', 'SUN PLAZA MEDAN', 'Jl. H. Zaenul Arifin No. 7, Medan, Sumatera Utara', 1),
	('MOS-0000094', 'ITC KEBON KELAPA', 'Jl. Moch. Toha No.2, Pungkur, Regol, Kota Bandung, Jawa Barat 40252', 3),
	('MOS-0000095', 'ASIA DEPT STORE CIREBON', 'JL. Karang Getas, No. 25 - 27, Cirebon, Jawa Barat 45113', 3),
	('MOS-0000096', 'APARTMENT BONAVISTA', 'Jl. Jend. D.I. Panjaitan Kav. 5-7, Cawang, Jakarta Timur', 2),
	('MOS-0000097', 'LA CODEFIN', 'Jl. Kemang Raya No. 8, Jakarta 12730', 3),
	('MOS-0000098', 'DUPAN MALL', 'Jl. Dr. Soetomo Pekalongan ', 1),
	('MOS-0000099', 'MENARA SALEMBA', 'Jl. Salemba Raya No 5-5A Jakarta Pusat 10440', 1),
	('MOS-0000100', 'BUBUTAN GOLDEN JUNCTION (BG JUNCTION)', 'Jl. Bubutan No. 1-7, Surabaya, Jawa Timur', 1),
	('MOS-0000101', 'HOTEL ST. REGIS BALI', 'Kawasan Pariwisata Nusa Dua Lot S6, PO Box 44, Nusa Dua, Bali 80363', 2),
	('MOS-0000102', 'RUMAH SAKIT BALI MEDISTRA', 'Jl. Mahendradata No. 57 X, Denpasar, Bali', 2),
	('MOS-0000103', 'PLUIT JUNCTION', 'Jl. Taman Pluit Dalam No. 1-A, Jakarta Utara 14450', 3),
	('MOS-0000104', 'APARTMENT CITY RESORT 1 (ALAMANDA, BOUGENVILLE)', 'Jl. Kamal Raya, Outer Ring Road Cengkareng, Jakarta Barat', 2),
	('MOS-0000105', 'APARTMENT CITY RESORT 2 (ORCHID, MARIGOLD)', 'Jl. Kamal Raya, Outer Ring Road Cengkareng, Jakarta Barat', 3),
	('MOS-0000106', 'HOTEL GRAND ANTARES', 'Jl. Sisingamangaraja No. 328, Medan 20152', 3),
	('MOS-0000107', 'ASTON DELTA CENGKARENG', 'Jl. Outer Ring Road, Mutiara Taman Palem, Jakarta 11730', 2),
	('MOS-0000109', 'PASAR CIRACAS', 'Jl. Raya Ciracas No. 6, Jakarta 13770', 1),
	('MOS-0000110', 'STIK BINAWAN', 'Jl. Raya Kalibata No. 25 - 26, Jakarta 13630', 3),
	('MOS-0000111', 'STIE DARMAJAYA', 'Jl. Zainal Abidin Pagar Alam No.93A, Labuhan Ratu, Kedaton, Kota Bandar Lampung, Lampung 35142', 1),
	('MOS-0000112', 'BENGKULU INDAH MALL', 'Jl. Putri Gading Cempaka No.4, Penurunan, Ratu Samban, Kota Bengkulu, Bengkulu 38221', 1),
	('MOS-0000113', 'HOTEL HILTON BANDUNG', 'Jl. HOS. Tjokroaminoto No.41-43, Arjuna, Cicendo, Kota Bandung, Jawa Barat 40171', 3),
	('MOS-0000114', 'MENARA PALMA', 'Jl. HR. Rasuna Said Blok X-2 Kav 6, Setiabudi, Jakarta Selatan 12950', 3),
	('MOS-0000115', 'PRUDENTIAL TOWER', 'Jl. Jend. Sudirman, Jakarta Selatan', 2),
	('MOS-0000116', 'RUMAH SAKIT HUSADA', 'Jl. Mangga Besar No. 138, Mangga Dua, Jakarta 10730', 1),
	('MOS-0000117', 'KANTOR KEMENTERIAN PEKERJAAN UMUM R.I.', 'Jl. Pattimura 20, Kebayoran Baru, Jakarta Selatan 12110', 1),
	('MOS-0000118', 'APARTMENT MEDITERANIA GARDEN RESIDENCE TOWER JHG 2.A (MGR II A)', 'Jl. Tanjung Duren Raya No. 5-9, Grogol Petamburan, Jakarta Barat 11470', 2),
	('MOS-0000119', 'APARTMENT MEDITERANIA GARDEN RESIDENCE TOWER KEF 2.B (MGR II B)', 'Jl. Tanjung Duren Raya No. 5-9, Grogol Petamburan, Jakarta Barat 11470', 2),
	('MOS-0000120', 'RATTAN INN BANJARMASIN', 'Jl. Ahmad Yani Km. 5,7, Banjarmasin, Kalimantan Selatan', 1),
	('MOS-0000121', 'RSUD KOJA', 'Jl. Deli No. 4, Jakarta 14220', 3),
	('MOS-0000122', 'CITY MALL TANGERANG', 'Jl. Moh. Toha KM 2 No. 1, Tangerang', 2),
	('MOS-0000123', 'HOTEL ASTON BANDUNG', 'Jl. Dr. Djunjunan No.162, Sukagalih, Kota Bandung, Jawa Barat 40162', 2),
	('MOS-0000124', 'LENMARC - 1', 'Jl. Bukit Darmo Boulevard - Office Park II No.1, Surabaya, Jawa Timur', 3),
	('MOS-0000125', 'LENMARC - 2', 'Jl. Bukit Darmo Boulevard - Office Park II No.1, Surabaya', 3),
	('MOS-0000126', 'KEM TOWER', 'Jl. Landasan Pacu Barat Blok B-10 No. 2, Kemayoran, Jakarta Pusat', 3),
	('MOS-0000127', 'GRAHA CIMB NIAGA', 'Jl. Wahid Hasjim Blok B-4 No. 3, Bintaro Jaya Sektor 7, CBD Tangerang 15224', 3),
	('MOS-0000128', 'SAMARINDA SQUARE', 'Gunung Kelua, Samarinda Ulu, Samarinda, Kalimantan Timur, 75243', 3),
	('MOS-0000129', 'PLAZA MULIA AND SELYCA HOTEL SAMARINDA', 'Jl. Bhayangkara No.58, 01, Bugis, Samarinda Ulu, Kota Samarinda, Kalimantan Timur 75242', 3),
	('MOS-0000130', 'BLU PLAZA', 'Jl. Chairil Anwar No. 27-36, Bekasi, Jawa Barat', 1),
	('MOS-0000131', 'CIHAMPELAS WALK (CIWALK)', 'Jl. Cihampelas No.160, Cipaganti, Coblong, Kota Bandung, Jawa Barat 40131', 3),
	('MOS-0000132', 'KOJA TRADE MALL (KTM SQUARE)', 'Jl. Kramat Jaya No. 22-L, Jakarta 14260', 2),
	('MOS-0000133', 'BALI KUTA RESORT (BKR)', 'Jl. Majapahit No. 18, Denpasar, Bali 80361', 3),
	('MOS-0000134', 'HOTEL COURTYARD by MARRIOT BALI', 'Kawasan Pariwisata Lot SW1, Nusa Dua, Bali 80363', 3),
	('MOS-0000134M', 'Hotel JW Marriot Bali (Macro) ', 'Kawasan Pariwisata Lot SW1, Nusa Dua, Bali 80363', 2),
	('MOS-0000135', 'PUSAT PERBELANJAAN PROGO', 'Jl. Suryotomo No. 29, Yogyakarta', 2),
	('MOS-0000136', 'APARTMENT SAHID SUDIRMAN RESIDENCE', 'Jl. Jend. Sudirman Kav. 86, Tanah Abang, Jakarta Pusat 10220', 2),
	('MOS-0000137', 'GREENHILL UNIVERSAL HOTEL', 'Jl. Setiabudhi No.376, Ledeng, Cidadap, Kota Bandung, Jawa Barat 40143', 3),
	('MOS-0000138', 'RSUD PROF. DR. MARGONO SOEKARJO PURWOKERTO', 'Jl. Dr. Angka No. 2, Purwokerto', 1),
	('MOS-0000139', 'THAMRIN RESIDENCE - 1', 'Jl. Kebon Kacang Raya, Tanah Abang, Jakarta Pusat', 3),
	('MOS-0000140', 'THAMRIN RESIDENCE - 2', 'Jl. Kebon Kacang Raya, Tanah Abang, Jakarta Pusat', 1),
	('MOS-0000141', 'THAMRIN RESIDENCE - 3', 'Jl. Kebon Kacang Raya, Tanah Abang, Jakarta Pusat', 3),
	('MOS-0000142', 'GRAND KARTINI DAN SWISS-BEL HOTEL', 'Jl. Kartini Raya No. 57, Jakarta Pusat 10750', 3),
	('MOS-0000143', 'APARTMENT PERMATA HIJAU RESIDENCE', 'Jl. Letjend Soepono, Kebayoran Lama, Jakarta Selatan', 3),
	('MOS-0000144', 'GRAND ASTON BOGOR AND CONDOTEL', 'Jl. Dreded Pahlawan (Bogor Nirwana Residence), Bogor, Jawa Barat 16132', 3),
	('MOS-0000145', 'APARTMENT EMINENCE TOWER DARMAWANGSA', 'Jl. Darmawangsa X No. 86, Kebayoran Baru, Jakarta Selatan 12160', 2),
	('MOS-0000146', 'APARTMENT THE LAVANDE RESIDENCE', 'Jl. Prof. Dr. Supomo SH No. 231-A, Tebet, Jakarta Selatan 12810', 2),
	('MOS-0000147', 'HOTEL GRAND ROYAL PANGHEGAR BANDUNG', 'Jl. Merdeka No.2, Braga, Sumur Bandung, Kota Bandung, Jawa Barat 40111', 1),
	('MOS-0000148', 'STAR CITY APARTMENT (EX GREEN CENTRAL)', 'Jl. Gajah Mada No. 188, Jakarta Barat 11120', 3),
	('MOS-0000149', 'NOVOTEL HOTEL GAJAH MADA (EX GREEN CENTRAL/STAR CITY)', 'Jl. Gajah Mada No. 188, Jakarta Barat 11120', 2),
	('MOS-0000150', 'UGM SAMATOR PENDIDIKAN JAKARTA', 'Jl. Dr. Sahardjo No. 83, Tebet, Jakarta Selatan', 3),
	('MOS-0000151', 'APARTMENT GADING NIAS 1 (ALAMANDA)', 'Jl. Pegangsaan, Gading Nias, Kelapa Gading, Jakarta Utara', 2),
	('MOS-0000152', 'APARTMENT GADING NIAS 2 (BOUGENVILLE)', 'Jl. Pegangsaan, Gading Nias, Kelapa Gading, Jakarta Utara', 3),
	('MOS-0000153', 'APARTMENT GADING NIAS 3 (DAHLIA)', 'Jl. Pegangsaan, Gading Nias, Kelapa Gading, Jakarta Utara', 2),
	('MOS-0000154', 'APARTMENT GADING NIAS 4 (EMERALD)', 'Jl. Pegangsaan, Gading Nias, Kelapa Gading, Jakarta Utara', 1),
	('MOS-0000155', 'UNIVERSITAS HASANUDDIN 1 KAMPUS FISIPOL', 'Jl. Kemedekaan KM10, Kampus Tamalanrea, Makassar', 2),
	('MOS-0000156', 'UNIVERSITAS HASANUDDIN 2 KAMPUS MIPA', 'Jl. Kemedekaan KM10, Kampus Tamalanrea, Makassar', 2),
	('MOS-0000157', 'UNIVERSITAS HASANUDDIN 3 KAMPUS KEDOKTERAN', 'Jl. Kemedekaan KM10, Kampus Tamalanrea, Makassar', 3),
	('MOS-0000158', 'APARTMENT MAPLE PARK', 'Jl. Danau Sunter Barat A3-A4, Kemayoran, Jakarta Utara', 3),
	('MOS-0000159', 'MT. HARYONO SQUARE', 'Jl. MT. Haryono Kav. 10 Jakarta 13330', 2),
	('MOS-0000160', 'THE MANSION @ KEMANG', 'Jl. Kemang Raya No. 3-5, Jakarta Selatan', 3),
	('MOS-0000162', 'THE BOUTIQUE APARTMENT', 'Jl. H. Benyamin Sueb Blok A6, Kemayoran, Jakarta Pusat', 2),
	('MOS-0000163', 'CENTRAL PARK - OFFICE (APL TOWER)', 'Jl. Letjend. S. Parman, Jakarta Barat', 3),
	('MOS-0000164', 'GRAND PARAGON MALL DAN HOTEL', 'Jl. Gajah Mada No. 126, Jakarta Barat 11130', 2),
	('MOS-0000165', 'SENTRAL SENAYAN 3', 'Jl. Asia Afrika No. 8, Senayan, Jakarta Selatan', 1),
	('MOS-0000166', 'THE EDGE SUPERBLOCK', 'Jl. Raya Baros No. 57, Kota Cimahi, Jawa Barat 40521', 3),
	('MOS-0000167', 'PALUR PLASA', 'Jl. Raya Maospati-Solo, Jaten, Karanganyar, Jawa Tengah 57731', 3),
	('MOS-0000168', 'UNIVERSITAS PAMULANG', 'Jl. Surya Kencana No. 1, Tangerang', 1),
	('MOS-0000169', 'SENTRA MEDIKA HOSPITAL', 'Jl. Raya Mayor Oking Jayaatmaja No. 9, Cibinong, Bogor, Jawa Barat 16953', 2),
	('MOS-0000170', 'UPI BANDUNG - 1 (FPBS, FPEB, FPIPS, GRANADI, PASCA SARJANA, PKM, POLIKLINIK, BIRO ADMINISTRASI)', 'Jl. Setiabudhi No. 229, Isola, Sukasari, Kota Bandung, Jawa Barat 40154', 2),
	('MOS-0000171', 'UPI BANDUNG - 2 (LIBRARY, UC, LPPM, DORMITORY)', 'Jl. Setiabudhi No. 229, Isola, Sukasari, Kota Bandung, Jawa Barat 40154', 3),
	('MOS-0000172', 'UPI BANDUNG - 3 (FIP, FMIPA JICA, FPOK, TC)', 'Jl. Setiabudhi No. 229, Isola, Sukasari, Kota Bandung, Jawa Barat 40154', 3),
	('MOS-0000173', 'C ONE HOTEL PLAZA', 'Jl. Letjend. Suprapto, Jakarta Pusat 10520', 3),
	('MOS-0000174', 'SAM RATULANGI INTERNATIONAL AIRPORT', 'Jl. AA. Maramis, Manado 95374', 3),
	('MOS-0000175', 'HOTEL JAYAKARTA DAIRA', 'Jl. Jend. Sudirman No. 153, Sei Pangeran, Ilir Timur I, Kota Palembang, Sumatera Selatan 30125', 1),
	('MOS-0000176', 'BALIKPAPAN TRADE CENTER', 'JL. Jend. Sudirman, Klandasan Ilir, Balikpapan, Kalimantan Timur, 76113', 1),
	('MOS-0000177', 'HARMONI ONE HOTEL DAN APARTMENT', 'Jl. Imam Bonjol, Nagoya, Batam 29432', 1),
	('MOS-0000178', 'THE BOULEVARD OFFICE DAN APARTMENT', 'Jl. Fachrudin No. 2, Tanah Abang, Jakarta Pusat', 2),
	('MOS-0000179', 'AMAROOSSA HOTEL', 'Jl. Aceh No. 71 A, Kota Bandung, Jawa Barat 40115', 1),
	('MOS-0000180', 'RUMAH SAKIT JASA KARTINI', 'Jl. Otto Iskandardinata No.15, Empangsari, Tawang, Tasikmalaya, Jawa Barat 46131', 2),
	('MOS-0000181', 'MENARA BOSOWA', 'Jl. Jend. Sudirman, Makassar', 1),
	('MOS-0000181M', 'Menara Bosowa (Makro) ', 'Jl. Jend. Sudirman, Makassar', 3),
	('MOS-0000182', 'BINUS SQUARE', 'Jl. Budi Raya No. 21, Kebon Jeruk, Jakarta Barat 11530', 2),
	('MOS-0000183', 'KALIBATA CITY - 1 (TOWER AG)', 'Jl. Kalibata Raya No. 1, Pancoran, Jakarta Selatan', 2),
	('MOS-0000184', 'KALIBATA CITY - 2 (TOWER BC)', 'Jl. Kalibata Raya No. 1, Pancoran, Jakarta Selatan', 1),
	('MOS-0000185', 'KALIBATA CITY - 3 (TOWER FK)', 'Jl. Kalibata Raya No. 1, Pancoran, Jakarta Selatan', 3),
	('MOS-0000186', 'KALIBATA CITY - 4 (TOWER HJ)', 'Jl. Kalibata Raya No. 1, Pancoran, Jakarta Selatan', 1),
	('MOS-0000187', 'KALIBATA CITY - 5 (TOWER DE)', 'Jl. Kalibata Raya No. 1, Pancoran, Jakarta Selatan', 3),
	('MOS-0000188', 'RUMAH SAKIT HARAPAN BUNDA', 'Jl. Raya Bogor KM. 22 No. 44, Pasar Rebo, Jakarta Timur', 1),
	('MOS-0000189', 'UNIVERSITAS ATMA JAYA - 1 (KAMPUS 2 DAN 4 - BABARSARI)', 'Gedung Thomas Aguinas,Don Bosco, Jl. Babarsari, Yogyakarta 55281', 3),
	('MOS-0000190', 'UNIVERSITAS ATMA JAYA - 2 (KAMPUS 3 - BABARSARI)', 'Gedung Bonaventura, Jl. Babarsari 43, Yogyakarta 55281', 3),
	('MOS-0000191', 'ASTON MANADO HOTEL', 'Jl. Jend. Sudirman No. 128, Manado 95123', 1),
	('MOS-0000192', 'KUNINGAN CITY - MALL (LOTTE MART)', 'Jl. Prof. Dr. Satrio Kav. 8, Setiabudi Kuningan, Jakarta 12940', 2),
	('MOS-0000193', 'KUNINGAN CITY - OFFICE (AXA TOWER)', 'Jl. Prof. Dr. Satrio Kav. 8, Setiabudi Kuningan, Jakarta 12940', 1),
	('MOS-0000194', 'KUNINGAN CITY - APARTMENT (DENPASAR RESIDENCES)', 'Jl. Prof. Dr. Satrio Kav. 8, Setiabudi Kuningan, Jakarta 12940', 3),
	('MOS-0000195', 'CIBINONG SQUARE', 'Jl. Raya Bogor KM. 44, Cibinong, Bogor, Jawa Barat', 1),
	('MOS-0000196', 'ALLIANZ TOWER', 'Jl. HR Rasuna Said Kav. 1, Kuningan, Jakarta Selatan', 1),
	('MOS-0000197', 'KUTA BEX', 'Jl. Pantai Kuta, Banjar Pande mas Kuta, Bali 80361', 2),
	('MOS-0000198', 'SENOPATI SUITE APARTMENT', 'Jl. Senopati, Jakarta Selatan', 2),
	('MOS-0000199', 'CENTRAL PARK - HOTEL PULLMAN', 'Jl. Letjend. S. Parman, Jakarta Barat', 1),
	('MOS-0000200', 'MALL PANAM PEKANBARU (RAMAYANA)', 'Jl. HR. Soebrantas, Panam. Pekanbaru, Riau', 3),
	('MOS-0000201', 'ACE HARDWARE CINERE (EX RAMAYANA CINERE/CINERE SQUARE)', 'Jl. Cinere Raya, Cinere, Depok, Jawa Barat', 1),
	('MOS-0000202', 'CENTRAL PARK - APARTMENT (TOWER ABC)', 'Jl. Letjend. S. Parman, Jakarta Barat', 1),
	('MOS-0000203', 'FRENCH WALK APARTMENT - 1', 'Jl. Boulevard Barat Kelapa Gading Jakarta Utara', 1),
	('MOS-0000204', 'FRENCH WALK APARTMENT - 2', 'Jl. Boulevard Barat Kelapa Gading Jakarta Utara', 1),
	('MOS-0000205', 'FRENCH WALK APARTMENT - 3', 'Jl. Boulevard Barat Kelapa Gading Jakarta Utara', 3),
	('MOS-0000206', 'WISMA BCA PONDOK INDAH', 'Jl. Metro Pondok Indah No. 10, Jakarta 12310', 3),
	('MOS-0000207', 'GREEN PARK VIEW (TOWER E)', 'Jl. Daan Mogot Raya KM. 14, Jakarta Barat', 3),
	('MOS-0000208', 'RUMAH SAKIT ADVENT BANDUNG', 'Jl. Cihampelas No.161, Cipaganti, Coblong, Kota Bandung, Jawa Barat 40131', 2),
	('MOS-0000208M', 'RS. Advent Bandung (Makro) ', 'Jl. Cihampelas No.161, Cipaganti, Coblong, Kota Bandung, Jawa Barat 40131', 2),
	('MOS-0000209', 'RSIA LIMIJATI', 'Jl. RE. Martadinata (Riau) No. 39, Kelurahan Citarum Kecamatan Bandung Wetan, Kota Bandung, Jawa Barat 40115', 3),
	('MOS-0000210', 'CARRCADIN HOTEL', 'Jl. Kebon Jati No. 71-75, Kebon Jeruk, Andir, Kota Bandung, Jawa Barat 40171', 3),
	('MOS-0000211', 'ROYAL MEDITERANIA GARDEN RESIDENCE (MGR 3)', 'Jl. Tanjung Duren Raya No. 5-9, Grogol Petamburan, Jakarta Barat 11470', 2),
	('MOS-0000212', 'HANG NADIM INTERNATIONAL AIRPORT', 'Kompleks Bandara Hang Nadim - Batu Besar, Nongsa', 3),
	('MOS-0000213', 'BALI ROYAL HOSPITAL', 'Jl. Letda Tantular No. 6, Denpasar', 2),
	('MOS-0000214', 'APARTMENT MENARA KEBON JERUK', 'Jl. Arjuna Utara (next to Universitas Esa Unggul), Jakarta Barat', 2),
	('MOS-0000215', 'MALL TOP 100 BATU AJI', 'Jl. Letjend. Soeprapto LGA No. 5, Batu Aji, Batam', 1),
	('MOS-0000216', 'PLAZA SIMATUPANG (ALSTOM)', 'Jl. TB. Simatupang, Cilandak, Jakarta Selatan', 2),
	('MOS-0000217', 'MABES POLRI', 'Jl. Raden Patah, Jakarta 12120', 3),
	('MOS-0000218', 'BOSHE VVIP CLUB BALI', 'Jl. Bypass Ngurah Rai No. 89-X, Kuta, Bali', 3),
	('MOS-0000219', 'HOTEL LOSARI ROXY', 'Jl. KH. Hasyim Ashari No. 41, Jakarta Pusat', 1),
	('MOS-0000220', 'RANCAEKEK TRADE CENTER', 'Jl. Raya Rancaekek-Majalaya KM-1, Kota Bandung, Jawa Barat 40394', 3),
	('MOS-0000221', 'RUMAH SAKIT GRAHA HUSADA LAMPUNG', 'Jl. Gajah Mada No.88, Tj. Agung Raya, Tj. Karang Tim, Kota Bandar Lampung, Lampung 35128', 1),
	('MOS-0000222', 'PEKANBARU MEDICAL CENTER (PMC)', 'Jl. Lembaga Pemasyarakatan No. 25, Pekanbaru 28116', 3),
	('MOS-0000223', 'HOTEL THE PREMIERE PEKANBARU', 'Jl. Jend. Sudirman No. 389, Pekanbaru 28116', 1),
	('MOS-0000224', 'SULTAN MAHMUD BADARUDDIN 2 INTERNATIONAL AIRPORT', 'Jl. Gubernur Haji Asnawi Mangku Alam, Sukarami, Kota Palembang, Sumatera Selatan 30961', 2),
	('MOS-0000225', 'RITA PASARAYA ISOLA PURWOKERTO', 'Jl. Jenderal Sudirman No.588, Purwokerto, Jawa Tengah', 2),
	('MOS-0000226', 'RSUD KOTA TASIKMALAYA', 'Jl. Rumah Sakit No.33, Empangsari, Tawang, Tasikmalaya, Jawa Barat 46113', 2),
	('MOS-0000227', 'RUMAH SAKIT PANTI RAPIH', 'Jl. Cik Di Tiro No.30, Caturtunggal, Kec. Depok, Kabupaten Sleman, Daerah Istimewa Yogyakarta 55223, Indonesia', 2),
	('MOS-0000228', 'UNIVERSITAS KRISTEN DUTA WACANA (UKDW)', 'Jl. Dr. Wahidin Sudirohusodo No. 5-25, Yogyakarta', 1),
	('MOS-0000229', 'HARRIS KUTA RIVERVIEW HOTEL', 'Jl. Raya Kuta No. 62-A, Badung, Kuta, Bali 80361', 2),
	('MOS-0000229M', 'Harris River View Kuta Hotel (Makro) ', 'Jl. Raya Kuta No. 62-A, Badung, Kuta, Bali 80361', 3),
	('MOS-0000230', 'NEW KUTA CONDOTEL - PECATU RESORT', 'Kawasan Pecatu Indah Resort, Kuta, Bali 80364', 1),
	('MOS-0000231', 'SENTUL INTERNATIONAL CONVENTION CENTER (SICC)', 'Jl. Tol Jagorawi KM. 32, Sentul Selatan, Bogor, Jawa Barat', 2),
	('MOS-0000232', 'PLAZA KEBUN SAYUR (BUNSAY)', 'Baru Ilir, Balikpapan, Kalimantan Timur', 3),
	('MOS-0000233', 'ASTON PONTIANAK HOTEL', 'Gajah Mada 21, Gg. Gajah Mada 6, Benua Melayu Darat, Pontianak, Kalimantan Barat, 78243', 2),
	('MOS-0000234', 'OVAL SURABAYA HOTEL', 'Jl. Diponegoro No. 23, Surabaya', 1),
	('MOS-0000235', 'ARMADA TOWN SQUARE (ARTOS)', 'Jl. Mayjend Bambang Soegeng No.1, Mertoyudan, Magelang, Jawa Tengah 56172', 1),
	('MOS-0000236', 'MANDONGA MALL', 'Jl. Drs. Abdullah Silondae, Komp. Mall Mandonga Ruko 1-2 Kendari', 3),
	('MOS-0000237', 'ADI SOEMARMO INTERNATIONAL AIRPORT', 'Jl. Bandara Adi Sumarmo, Kota Surakarta, Jawa Tengah 57108, Indonesia', 2),
	('MOS-0000238', 'MENARA 165', 'Jl. TB. Simatupang no 165, Cilandak, Jakarta Selatan', 3),
	('MOS-0000239', 'BUAH BATU PARK APARTMENT', 'Jl. Adhyaksa Raya No.1, Mengger, Bandung Kidul, Kota Bandung, Jawa Barat 40267', 3),
	('MOS-0000240', 'MULTIVISION TOWER', 'Jl. Kuningan Mulia Blok 9-B, Jakarta Selatan', 3),
	('MOS-0000241', 'KANTOR INSPEKTORAT JENDRAL ESDM (ITJEND ESDM)', 'Jl. Patra Kuningan Raya No. 1-B, Jakarta Selatan', 2),
	('MOS-0000242', 'THE SEMINYAK BEACH RESORT DAN SPA BALI', 'Jl. Kayu Aya, Seminyak Beach P.O. Box 1085, Seminyak, Bali', 1),
	('MOS-0000243', 'ASTON PALEMBANG HOTEL', 'Jl. Jendral Basuki Rahmat No.189, Kota Palembang, Sumatera Selatan 30126', 1),
	('MOS-0000244', 'ARYADUTA HOTEL DAN CONVENTION CENTER PALEMBANG', 'Jl. POM IX, Kompleks Palembang Square Mall, Lorok Pakjo, Ilir Bar. I, Kota Palembang, Sumatera Selatan 30137', 2),
	('MOS-0000244M', 'The Aryaduta Hotel dan Convention Center Palembang Lodge (Makro) ', 'Jl. POM IX, Kompleks Palembang Square Mall, Lorok Pakjo, Ilir Bar. I, Kota Palembang, Sumatera Selatan 30137', 3),
	('MOS-0000245', 'SENTRA TIMUR RESIDENCE', 'Kota Baru Perumnas Jakarta, Jl. Sentra Primer Timur, Jakarta Timur 13950', 1),
	('MOS-0000246', 'HOTEL ROYAL AMBARRUKMO', 'Jl. Laksda Adisucipto No. 6, Yogyakarta', 1),
	('MOS-0000247', 'PASAR LAMONGAN', 'Jl. A. Yani, Lamongan', 1),
	('MOS-0000248', 'PLAZA SENAYAN APARTMENT 1 (TOWER AB)', 'Jl. Pintu Satu Gelora Bung Karno, Tanah Abang, Jakarta 10270', 1),
	('MOS-0000249', 'HOLIDAY INN BALI', 'Jl. Wana Segara No. 33, Kuta, Bali 80361', 3),
	('MOS-0000250', 'AGUNG PUTRA HOTEL DAN APARTMENT', 'Jl. Poppies No. 1, Pasar Agung, Kuta, Bali', 2),
	('MOS-0000251', 'GRAND ASTON YOGYAKARTA HOTEL', 'Jl. Urip Sumoharjo No. 37, Yogyakarta', 2),
	('MOS-0000252', 'PLN PUSAT', 'Jl. Trunojoyo Blok M I/135, Kebayoran Baru, Jakarta 12160', 1),
	('MOS-0000253', 'UNIVERSITAS BUNDA MULIA (UBM)', 'Jl. Lodan Raya No. 2A, Ancol, Jakarta 14430', 2),
	('MOS-0000254', 'RUMAH SAKIT SUMBER WARAS CIREBON', 'Jl. Urip Sumoharjo No. 5, Ciwaringin, Cirebon, Jawa Barat 45167', 2),
	('MOS-0000255', 'METROPOLITAN MEDICAL CENTER (RS MMC)', 'Jl. HR. Rasuna Said Kav. C21, Kuningan, Jakarta Selatan 12940', 1),
	('MOS-0000256', 'CIBUBUR VILLAGE APARTMENT', 'Jl. Radar Auri No. 11, Cibubur, Jakarta 13720', 2),
	('MOS-0000257', 'MENARA SATU SENTRA KELAPA GADING', 'Jl. Raya Barat Boulevard Blok LA3, Kelapa Gading, Jakarta Utara', 1),
	('MOS-0000258', 'RUSUNAMI BANDAR KEMAYORAN', 'Jl. Haji Benyamin Sueb Kav. C (Samping Barat Jakarta Auctions), Pademangan Timur, Jakarta Pusat', 3),
	('MOS-0000259', 'THE SQUARE APARTMENT AND ARCADE (EX PETRA SQUARE)', 'Jl. Siwalankerto No. 146-148, Surabaya 60236', 2),
	('MOS-0000260', 'UNIVERSITAS 17 AGUSTUS 1945 (UNTAG) SURABAYA', 'Jl. Manyar Untag, Surabaya', 3),
	('MOS-0000261', 'HIGH POINT APARTMENT', 'Jl. Siwalankerto Timur No. 185, Surabaya', 3),
	('MOS-0000262', 'EAST COAST RESIDENCE', 'Jl. Kalisari Timur, Pakuwon City, Surabaya', 1),
	('MOS-0000263', 'MERCURE HOTEL TB. SIMATUPANG (SOPHIE PARIS)', 'Jl. Adhyaksa Raya, Lebak Bulus, Jakarta Selatan', 3),
	('MOS-0000264', 'DE PARADISO APARTMENT', 'Jl. Pluit Selatan Blok S, Pluit, Jakarta Utara', 1),
	('MOS-0000265', 'CITY PARK APARTMENT - 1', 'Jl. Raya Kapuk, Cengkareng, Jakarta Barat', 3),
	('MOS-0000266', 'CITY PARK APARTMENT - 2', 'Jl. Raya Kapuk, Cengkareng, Jakarta Barat', 3),
	('MOS-0000267', 'CITY PARK APARTMENT - 3', 'Jl. Raya Kapuk, Cengkareng, Jakarta Barat', 1),
	('MOS-0000268', 'CITY GARDEN APARTMENT - 1', 'Jl. Raya Kapuk, Cengkareng, Jakarta Barat', 2),
	('MOS-0000269', 'EAST CASABLANCA RESIDENCES - 1', 'Jl. Pahlawan Revolusi No. 2, Pondok Bambu, Duren Sawit, Jakarta Timur 13430', 2),
	('MOS-0000270', 'EAST CASABLANCA RESIDENCES - 2', 'Jl. Pahlawan Revolusi No. 2, Pondok Bambu, Duren Sawit, Jakarta Timur 13430', 3),
	('MOS-0000271', 'FAIRMONT SANUR BEACH BALI (EX THE REGENT BALI HOTEL)', 'Jl. Kusuma Sari, Kel. Sanur, Denpasar', 2),
	('MOS-0000272', 'WATERPLACE RESIDENCE - 1', 'Jl. Pakuwon Indah, Surabaya', 2),
	('MOS-0000273', 'WATERPLACE RESIDENCE - 2', 'Jl. Pakuwon Indah, Surabaya', 2),
	('MOS-0000274', 'LABERSA GRAND HOTEL DAN CONVENTION CENTER', 'Jl. Parit Indah, Pekanbaru 28288', 1),
	('MOS-0000275', 'GARDENIA BOULEVARD RESORT APARTMENT', 'Jl. Warung Jati Barat No. 12, Jakarta Selatan', 1),
	('MOS-0000276', 'TERAS KOTA ENTERTAINMENT CENTER DAN SANTIKA HOTEL BSD CITY', 'Jl. Pahlawan Seribu, CBD Lot VII B, Serpong BSD City, Tangerang', 3),
	('MOS-0000277', 'KEMENTERIAN PU - DIREKTORAT JENDRAL SUMBER DAYA AIR DAN TATA RUANG', 'Jl. Pattimura 20, Kebayoran Baru, Jakarta Selatan 12110', 1),
	('MOS-0000278', 'KANTOR PEMERINTAH KOTA KENDARI (PEMKOT KENDARI)', 'Kompleks Bumi Praja Andounohu, Poasia Kendari', 1),
	('MOS-0000279', 'RUMAH SAKIT SANTO YUSUP', 'Jl. Cikutra No.7, Cikutra, Kota Bandung, Jawa Barat, 40124', 2),
	('MOS-0000279M', 'RS. Santo Yusup (Makro) ', 'Jl. Cikutra No.7, Cikutra, Kota Bandung, Jawa Barat, 40124', 2),
	('MOS-0000280', 'GARUT SQUARE 2 (GARUT MALL-RAMAYANA)', 'Jl. Guntur, Garut, Jawa Barat 44117', 1),
	('MOS-0000281', 'WEST PLAZA MEDAN (EX DANATAMA MULIA MEDAN)', 'Jl. P. Diponegoro No. 16, West Plaza Lt. 2, Jati, Medan Maimun, Medan 20152', 2),
	('MOS-0000282', 'KANTOR GUBERNUR PROVINSI BANGKA BELITUNG', 'Jl. Pulau Bangka, Air Itam Pangkalpinang, Kepulauan Bangka Belitung  33684', 1),
	('MOS-0000283', 'EMERALD APARTMENT', 'Jl. TB. Simatupang, Cilandak, Jakarta Selatan', 2),
	('MOS-0000284', 'PALM MANSION APARTMENT', 'Jl. Boulevard Taman Surya 5 Blok EE1, Pegadungan Kalideres, Jakarta Barat', 3),
	('MOS-0000285', 'TAMANSARI EXECUTIVE RESIDENCE', 'Jl. Bek Murad No. 42, Jakarta Selatan', 3),
	('MOS-0000286', 'HOTEL UTAMI', 'Jl. Raya Juanda Selatan, Gedangan, Sidoarjo', 2),
	('MOS-0000287', 'PUSAT GROSIR DUPAK SURABAYA', 'Jl. Dupak No. 1, Surabaya, Jawa Timur', 1),
	('MOS-0000288', 'GRAHA MAKMUR (PERKANTORAN KEBON SIRIH)', 'Jl. Kebon Sirih No. 1, Jakarta Pusat', 2),
	('MOS-0000289', 'ASTON IMPERIUM PURWOKERTO', 'Jl. Overste Isdiman No. 33, East Purwokerto, Central Java 53114, Indonesia', 3),
	('MOS-0000290', 'RUMAH SAKIT DAN KAMPUS UNIVERSITAS INDONESIA TIMUR MAKASSAR (UIT)', 'Jl. Abdul Kadir No. 70, Balang Baru, Tamalate, Makassar 90222', 1),
	('MOS-0000291', 'GATEWAY APARTMENT CILEDUG', 'Jl. Ciledug Raya No.15 Suite B Jakarta Selatan', 3),
	('MOS-0000292', 'DPRD PROVINSI SUMATERA UTARA (GEDUNG BARU)', 'Jl. Imam Bonjol (sebelah gedung DPRD lama), Medan', 2),
	('MOS-0000293', 'GRAND HATIKA HOTEL BELITUNG', 'Jl. Kemuning No.16, Tanjung Pandan, Kabupaten Belitung, Kepulauan Bangka Belitung 33412', 1),
	('MOS-0000294', 'JGC INDONESIA', 'Jl. TB. Simatupang No. 7-B, Cilandak, Jakarta Selatan 12430', 1),
	('MOS-0000295', 'PUNCAK PERMAI APARTMENT 1 (TOWER A)', 'Jl. Raya Darmo Permai III, Surabaya', 3),
	('MOS-0000296', 'ACE HOME CENTER LIVING PLAZA SEMARANG (EX RAMAYANA SEMARANG)', 'Jl. KH. Wahid Hasyim No. 220 A-B, Semarang, Jawa Tengah', 3),
	('MOS-0000297', 'WISMA KALLA', 'Jl. Dr. Sam Ratulangi No. 8-10, Makassar 90125', 1),
	('MOS-0000298', 'KARAWANG CENTRAL PLAZA', 'Jl. Galuh Mas Raya, Kabupaten Karawang, Jawa Barat 41361', 1),
	('MOS-0000299', 'MANADO TOWN SQUARE 2 (EX SAHID KAWANUA HOTEL)', 'Jl. Pierre Tendean, Manado, Sulawesi Utara', 1),
	('MOS-0000300', 'RUMAH SAKIT ROYAL TARUMA', 'Jl. Daan Mogot, Jakarta Barat', 1),
	('MOS-0000301', 'RESIDENCE 8 @SENOPATI', 'Jl. Senopati Raya No. 8-B, Kebayoran Baru, Jakarta Selatan', 1),
	('MOS-0000302', 'OFFICE 8 @SENOPATI', 'Jl. Senopati Raya No. 8-B, Kebayoran Baru, Jakarta Selatan', 1),
	('MOS-0000303', 'APARTMENT EAST PARK 2 (TOWER B)', 'Perumahan Jatinegara Indah, Jl. KRT. Radjiman, Jakarta Timur 13930', 3),
	('MOS-0000304', 'INDOSURYA PLAZA (EX EXIM MELATI)', 'Jl. MH. Thamrin No. 8-9, Jakarta Pusat', 1),
	('MOS-0000305', 'ANCOL MANSION 1', 'Jl. Pasir Putih Raya 1, Ancol-Pademangan. Jakarta Utara', 1),
	('MOS-0000306', 'ANCOL MANSION 2', 'Jl. Pasir Putih Raya 1, Ancol-Pademangan. Jakarta Utara', 3),
	('MOS-0000307', 'SULTAN SYARIF QASIM 2 INTERNATIONAL AIRPORT', 'Jl. Perhubungan Udara, Pekanbaru', 1),
	('MOS-0000308', 'HALUOLEO INTERNATIONAL AIRPORT', 'Jl. Bandara WMI, Ds. Ambaipura, Kec. Ranomeeto, Kab. Konawe Selatan, Kendari 93371', 2),
	('MOS-0000309', 'CENTRO CITY APARTMENT', 'Jl. Macan Kav 4-5, Duri Kepa, Daan Mogot, Jakarta Barat', 3),
	('MOS-0000310', 'AHMAD YANI INTERNATIONAL AIRPORT', 'Jl. Puad Ahmad Yani, Semarang - 50145', 3),
	('MOS-0000311', 'GREEN PALACE KALIBATA CITY - 6 (TOWER LR)', 'Jl. Kalibata Raya No. 1, Pancoran, Jakarta Selatan', 3),
	('MOS-0000312', 'GREEN PALACE KALIBATA CITY - 7 (TOWER MN)', 'Jl. Kalibata Raya No. 1, Pancoran, Jakarta Selatan', 3),
	('MOS-0000313', 'GREEN PALACE KALIBATA CITY - 8 (TOWER TS)', 'Jl. Kalibata Raya No. 1, Pancoran, Jakarta Selatan', 3),
	('MOS-0000314', 'HOTEL PULLMAN (EX. MERINA MERITUS HOTEL)', 'Jl. Basuki Rakhmat, Surabaya', 3),
	('MOS-0000315', 'RUMAH SAKIT IBNU SINA', 'Jl. Urip Sumoharjo, Panakkukang, Makassar', 1),
	('MOS-0000316', 'RATU PRABU - 1', 'Jl. TB. Simatupang Kav. 20, Cilandak, Jakarta Selatan', 1),
	('MOS-0000317', 'RATU PRABU - 2', 'Jl. TB. Simatupang Kav. 20, Cilandak, Jakarta Selatan', 1),
	('MOS-0000318', 'CARREFOUR BEKASI TIMUR', 'Jl. Chairil Anwar, Bekasi Timur, Jawa Barat', 3),
	('MOS-0000319', 'BANGKA TRADE CENTER', 'Jl. Letkol. Rusli Romli, Girimaya, Kota Pangkal Pinang, Kepulauan Bangka Belitung 33684', 3),
	('MOS-0000320', 'ASTON SOLL MARINA PANGKALPINANG', 'Jl. Koba KM. 8, Pangkalan Baru, Kabupaten Bangka Tengah, Kepulauan Bangka Belitung 33684', 1),
	('MOS-0000321', 'JAKARTA EYE CENTER (JEC) KEBON JERUK', 'Jl. Raya Kebon Jeruk, Jakarta Barat', 3),
	('MOS-0000322', 'THE STONES HOTEL DAN ENTERTAINMENT CENTER', 'Jl. Pantai Kuta, Kuta, Bali', 2),
	('MOS-0000323', 'MERCURE HARVESTLAND BALI HOTEL', 'Jl. Bypass Ngurah Rai No. 8 Simpang Siur, Kuta', 3),
	('MOS-0000324', 'HOTEL TATELI BEAC MANADO (ex HOTEL SEDONA MANADO)', 'Jl. Raya Tanawangko, Kecamatan Pineleng. Minahasa', 2),
	('MOS-0000325', 'RSUD SIDOARJO', 'Jl. Mojopahit No. 667, Sidoarjo 61215', 1),
	('MOS-0000326', 'RUSUNAWA SLEMAN 1', 'Jalan Nologaten, Condong Catur, Kec. Depok, Sleman, Daerah Istimewa Yogyakarta 55283, Indonesia', 2),
	('MOS-0000327', 'RUSUNAWA SLEMAN 2', 'Jalan Nologaten, Condong Catur, Kec. Depok, Sleman, Daerah Istimewa Yogyakarta 55283, Indonesia', 2),
	('MOS-0000328', 'HARRIS HOTEL SENTUL', 'Jl. Jend Sudirman No.1 Sentul City, Bogor, Jawa Barat', 1),
	('MOS-0000329', 'RSIA HERMINA PASTEUR', 'Jl. Doktor Djunjunan No. 107, Pasteur, Cicendo, Kota Bandung, Jawa Barat 40173', 2),
	('MOS-0000330', 'SIGNATURE PARK APARTMENT', 'Jl. MT. Haryono Kav.20, Tebet, Jakarta Selatan', 3),
	('MOS-0000331', 'GOODWAY HOTEL BALI', 'JL DALEM TARUKAN NO 7, TAMAN MUMBUL, BENOA, BALI 80363', 1),
	('MOS-0000333', 'FAVE HOTEL ADI SOECIPTO', 'Jl. Adi Sucipto No.60, Manahan, Solo, Kota Surakarta, Jawa Tengah 57139, Indonesia', 2),
	('MOS-0000334', 'FAVE HOTEL SOLO BARU', 'Jl. Raya Solo Baru - Surakarta, Solo', 1),
	('MOS-0000335', 'BANDUNG TRADE MALL (BTM)', 'Jl. H. Ibrahim Adjie Kiara Condong No. 36-A, Cicadas, Kota Bandung, Jawa Barat', 3),
	('MOS-0000336', 'SILOAM HOSPITAL MAKASSAR', 'Tanjung Bunga, Makassar - Sulawesi Selatan', 1),
	('MOS-0000337', 'SILOAM HOSPITAL PALEMBANG', 'Jl. POM IX, Lorok Pakjo, Ilir Barat I, Palembang, Sumatera Selatan 30137', 1),
	('MOS-0000338', 'SILOAM HOSPITAL DENPASAR', 'Jl. Sunset Road No. 818 Bali', 2),
	('MOS-0000339', 'SILOAM HOSPITAL JAMBI', 'Jl. Soekarno-Hatta, Paal Merah, Jambi Selatan, Kota Jambi, Jambi 36139', 3),
	('MOS-0000340', 'WISMA ASIA I (BCA SLIPI I)', 'Jl. Brigjend. Katamso, Slipi, Jakarta Barat', 1),
	('MOS-0000341', 'UNIVERSITAS MUHAMMADIYAH YOGYAKARTA - GEDUNG ABDE (UMY)', 'Jl. Lingkar Selatan, Kasihan, Bantul, Daerah Istimewa Yogyakarta • 55183, Indonesia', 1),
	('MOS-0000342', 'UNIVERSITAS MUHAMMADIYAH YOGYAKARTA - GEDUNG FG (UMY)', 'Jl. Lingkar Selatan, Kasihan, Bantul, Daerah Istimewa Yogyakarta • 55183, Indonesia', 2),
	('MOS-0000343', 'REGATTA APARTMEN 1 - (TOWER RIO DE JANEIRO DAN MIAMI)', 'Jl. Pantai Mutiara , Penjaringan Jakarta Utara', 1),
	('MOS-0000344', 'REGATTA APARTMEN 2 - (TOWER MONTE CARLO DAN DUBAI)', 'Jl. Pantai Mutiara , Penjaringan Jakarta Utara', 3),
	('MOS-0000345', 'UNIVERSITAS 45 MAKASSAR', 'Jl. Urip Sumoharjo KM 4 , Makassar 90231', 3),
	('MOS-0000346', 'PLAZA SENAYAN APARTMENT 2 (TOWER CD)', 'Jl. Pintu Satu Gelora Bung Karno, Tanah Abang, Jakarta 10270', 3),
	('MOS-0000347', 'RSUD SYAMSUDIN SUKABUMI', 'Jl. Rumah Sakit No. 1, Kecamatan Cikole, Sukabumi, Jawa Barat', 3),
	('MOS-0000348', 'PALAZZO KEMAYORAN APARTMENT 1 (TOWER AC)', 'Jl. Benyamin Sueb, Kebon Kosong, Kemayoran, Jakarta Pusat', 3),
	('MOS-0000349', 'AEROTEL SMILE HOTEL MAKASSAR', 'Jl. Muchtar Lutfi No. 38, Makassar', 1),
	('MOS-0000350', 'ALAMANDA TOWER (NEXT TO TALAVERA)', 'Jl. TB. Simatupang Kav 23-24, Cilandak Barat, Jakarta Selatan', 1),
	('MOS-0000351', 'RUMAH SAKIT PREMIER JATINEGARA', 'Jl. Raya Jatinegara Timur 85-87, Jakarta 13310', 3),
	('MOS-0000352', 'RUSUN KOTA BARU BANDAR KEMAYORAN', 'Jl. Dakota V, Kemayoran, Jakarta Pusat', 2),
	('MOS-0000353', 'AMIR HOTEL HARBOUR BAY BATAM', 'Jl. Duyung Sei Jodoh, Batu Ampar, Batam 29432', 3),
	('MOS-0000354', 'MINANGKABAU INTERNATIONAL AIRPORT (GEDUNG BARU )', 'Ketaping, Padang', 1),
	('MOS-0000355', 'CILEGON PLAZA', 'Jl. SA. Tirtayasa No. 47, Cilegon, Banten ', 1),
	('MOS-0000356', 'RUMAH SAKIT BANGKA BELITUNG', 'Parit Padang, Sungai Liat, Bangka, Kepulauan Bangka Belitung 33211', 1),
	('MOS-0000357', 'HOTEL POHON INN MALANG', 'Jl. Oro-oro Ombo No. 9, Kota Wisata Batu', 2),
	('MOS-0000358', 'LOMBOK INTERNATIONAL AIRPORT (BIL)', 'Tanah Awu, Lombok Tengah', 2),
	('MOS-0000359', 'KOMPLEKS PERTOKOAN CITRA', 'Jalan Niaga Utara, Kota Samarinda, Kalimantan Timur 75112', 2),
	('MOS-0000360', 'IT TRADE CENTRE (BARUGA 45)', 'Jl. Urip Sumoharjo KM 5 No. A-1, Makassar, Sulawesi Selatan', 2),
	('MOS-0000361', 'MALL MANDAU CITY BATAM', 'Jl. Jend. Sudirman Kav 109, Duri, Riau', 3),
	('MOS-0000362', 'SP PLAZA 1 DAN 2 BATAM', 'Jl. LetJen Suprapto , Tanjung Uncang Batam', 1),
	('MOS-0000363', 'APARTMENT EAST PARK 1 (TOWER A)', 'Perumahan Jatinegara Indah, Jl. KRT. Radjiman, Jakarta Timur 13931', 3),
	('MOS-0000364', 'SILOAM HOSPITAL BALIKPAPAN', 'Jl. MT. Haryono Dalam No 23 Kel. Sungai Nangka, Kec. Balikpapan Selatan, Kota Balikpapan, Kalimantan Timur, 76114', 2),
	('MOS-0000365', 'RSUD SUMEDANG', 'Jl. Palasari No. 80, Sumedang Selatan, Kabupaten Sumedang, Jawa Barat', 2),
	('MOS-0000366', 'MAHKAMAH AGUNG', 'Jl. Medan Merdeka Utara No. 9 -13, Jakarta Pusat', 2),
	('MOS-0000367', 'GRAND ELITE HOTEL MEDAN', 'Jl. Gatot Subroto No. 395, Medan 20119', 2),
	('MOS-0000368', 'THE VIDA OFFICE BUILDING', 'Jl. Raya Perjuangan no 8, kebon jeruk jakarta barat 11530', 3),
	('MOS-0000370', 'HARTONO LIFESTYLE MALL', 'Jl. Ir. Soekarno, Grogol, Kabupaten Sukoharjo, Jawa Tengah', 3),
	('MOS-0000371', 'INTERNATIONAL BATIK CENTER (IBC) PEKALONGAN', 'Jl. A. Yani No. 573, Wiradesa, Pekalongan 51152', 1),
	('MOS-0000372', 'EAST PARC HOTEL YOGYAKARTA', 'Jl. Laksda Adisucipto KM. 6.5, Seturan, Depok, Sleman, Daerah Istimewa Yogyakarta 55281, Indonesia', 3),
	('MOS-0000373', 'GREEN PALACE KALIBATA CITY - 9 (TOWER PV)', 'Jl. Kalibata Raya No. 1, Pancoran, Jakarta Selatan', 3),
	('MOS-0000374', 'RUMAH SAKIT ORTHOPAEDI PURWOKERTO', 'Jalan Suparjo Rustam No.99, Berkoh, Purwokerto Selatan, Kabupaten Banyumas, Jawa Tengah 53146, Indonesia', 2),
	('MOS-0000375', 'WISMA INDOVISION 2', 'Jl. Raya Panjang, Komp. Green Garden Kedoya Blok A-8 No.1 Jakarta Barat 11520', 2),
	('MOS-0000376', 'SOLO CENTER POINT', 'Jl. Brigjend Slamet Riyadi No.373, Sondakan, Laweyan, Kota Surakarta, Jawa Tengah 57147', 2),
	('MOS-0000377', 'HARRIS BUKIT JIMBARAN', 'Banjar Werdhi Kesala Bukit Ungasan, Kuta Selatan - Bali', 1),
	('MOS-0000378', 'KANTOR PEMERINTAH KOTA SEMARANG (GEDUNG BALAI KOTA SEMARANG) (B2S H3I )', 'Jl. Pemuda No.148, Sekayu, Semarang Tengah, Kota Semarang, Jawa Tengah 50132, Indonesia', 3),
	('MOS-0000379', 'RSUD KABUPATEN KUDUS', 'Jl. Dr. Lukmonohadi No. 19, Kudus, Jawa Tengah 59348', 3),
	('MOS-0000380', 'UNIVERSITAS PADJAJARAN - GEDUNG REKTORAT (KAMPUS JATINANGOR)', 'Jl. Raya Bandung Sumedang Km. 21, Hegarmanah, Jatinangor, Kabupaten Sumedang, Jawa Barat 45363', 3),
	('MOS-0000381', 'AMAROSSA HOTEL BALI', 'Jalan Kebo Iwa 2, Bali 80361', 2),
	('MOS-0000382', 'MARGONDA RESIDENCE 2', 'Jl. Margonda Raya, Pondok Cina, Beji, Depok, Jawa Barat', 3),
	('MOS-0000383', 'GATEWAY APARTMENT BANDUNG 1 (SAPHIRE)', 'Jl. Ahmad Yani No.669, Cicadas, Cibeunying Kidul, Kota Bandung, Jawa Barat 40125', 1),
	('MOS-0000384', 'GATEWAY APARTMENT BANDUNG 2 (EMERALD)', 'Jl. Ahmad Yani No.669, Cicadas, Cibeunying Kidul, Kota Bandung, Jawa Barat 40125', 2),
	('MOS-0000385', 'GREEN PARK VIEW (TOWER F)', 'JL. Daan Mogot KM.14 Jakarta Barat', 2),
	('MOS-0000386', 'GRAHA 137 HONDA JAKARTA CENTER', 'Jl. Pangeran Jayakarta, Sawah Besar No. 137', 1),
	('MOS-0000387', 'MD PLACE', 'Jl. Setiabudi, Kuningan Jakarta Selatan', 3),
	('MOS-0000388', 'NGURAH RAI INTERNATIONAL AIRPORT 1 BALI', 'Jl. Raya I Gusti Ngurah Rai, Bali 80361', 2),
	('MOS-0000389', 'NGURAH RAI INTERNATIONAL AIRPORT 2 BALI', 'Jl. Raya I Gusti Ngurah Rai, Bali 80361', 2),
	('MOS-0000390', 'APARTMENT PARAGON VILLAGE 1 (A, B)', 'Jl. Troccadero No. 1, Karawaci, Tangerang', 2),
	('MOS-0000391', 'APARTMENT PARAGON VILLAGE 2 (C, D)', 'Jl. Troccadero No. 1, Karawaci, Tangerang', 2),
	('MOS-0000392', 'HOTEL ASTON @KUNINGAN', 'Jl. HR. Rasuna Said, Kuningan, Jakarta Selatan', 1),
	('MOS-0000393', 'CIKAPUNDUNG ELEKTRONIK CENTER', 'Jl. Cikapundung Barat, Cikapundung, Jawa Barat 40111', 1),
	('MOS-0000394', 'EPICENTRUM WALK LIFESTYLE CENTER', 'Jl. HR. Rasuna Said Komplek Rasuna Epicentrum, Jakarta', 2),
	('MOS-0000395', 'HOTEL AMOZ COZY BLOK M', 'Jl. Melawai Raya No. 83-85 Blok M, Jakarta Selatan', 2),
	('MOS-0000396', 'BAKRIE TOWER', 'Jl. HR Rasuna Said Kompleks Rasuna Epicentrum,  Jakarta ', 3),
	('MOS-0000397', 'PURI MATAHARI RESIDENCE', 'Jl. HR. Muhammad No. 181, Surabaya', 1),
	('MOS-0000398', 'HOTEL FRAZER RESIDENCE', 'Jl. Menteng Raya No.60, Jakarta Pusat', 3),
	('MOS-0000399', 'MT. HARYONO RESIDENCES', 'Jl. Otista No. 60, Jakarta Timur', 1),
	('MOS-0000400', 'GRAND SOHO SLIPI (GRAND SLIPI TOWER)', 'Jl.S.Parman Kav.22-24 Slipi, Jakarta Barat 11480', 3),
	('MOS-0000401', 'SUPERBLOCK THE CITY CENTER (TCC) BATAVIA', 'Jl. Jend. Sudirman - Jakarta', 2),
	('MOS-0000402', 'HOTEL IBIS KUTA BALI', 'Jl. Raya Kuta Tuban Bali, Denpasar 80361', 2),
	('MOS-0000403', 'HOTEL ALL SEASON DENPASAR', 'Jl.Bukit  Permai Jimbaran Denpasar 80361', 1),
	('MOS-0000404', 'RUMAH SAKIT PERMATA PAMULANG', 'Jl. Siliwangi Raya No.A1, Pamulang Tangerang Selatan', 2),
	('MOS-0000405', 'DIPO BUSINESS CENTER', 'PT. DIPO PROPERTI | Jl. Gatot Subroto Kav.50-52, Jakarta Pusat 10260', 1),
	('MOS-0000406', 'JUANDA INTERNATIONAL AIRPORT SURABAYA 2 (BARU)', 'Jl.  Ir. Haji Juanda No. 1,  Surabaya 61253', 1),
	('MOS-0000407', 'GINO FERUCI', 'Jl. Braga No.67, Braga, Sumur Bandung, Kota Bandung, Jawa Barat 40111', 2),
	('MOS-0000408', 'SPR PLAZA DAN HOTEL (SENTRA PASAR RAYA)', 'Jl. Moh. Yamin  Kota Padang dalam  Sumatra Barat', 1),
	('MOS-0000409', 'CLASSIC HOTEL JAKARTA', 'Jl. KH. Samanhudi No. 43-45, Pasar Baru Sawah Besar - Jakarta Pusat', 3),
	('MOS-0000410', 'WHIZ HOTEL JAKARTA', 'Jl. Bulevard barat, 14240', 3),
	('MOS-0000411', 'FAVE HOTEL KELAPA GADING', 'Jalan Gading Indah Raya No.Blok Mohammad 4C/32, Jakarta, Kota Jakarta Utara, DKI Jakarta 14240', 2),
	('MOS-0000412', 'CIBINONG CITY POINT (RAMAYANA CIBINONG)', 'Jl. HR. Lukman, Cibinong, Bogor, Jawa Barat', 3),
	('MOS-0000413', 'MD PLAZA', 'Jl. Dalem Kaum, Balong Gede, Kota Bandung, Jawa Barat 40251', 3),
	('MOS-0000414', 'PLAZA CIREBON (CIREBON SQUARE)', 'Kaliwulu, Plered, Cirebon, Jawa Barat 45154', 1),
	('MOS-0000415', 'PARK REGIS - KUTA', 'Jl. Raya Kuta No.88, Kuta Bali 80361', 3),
	('MOS-0000416', 'WISMA 77 TOWER 2', 'Jl. Letjen S. Parman Kav 77, Jakarta Barat 11410', 2),
	('MOS-0000417', 'KANTOR GUBERNUR PROVINSI DIY (PEMPROV DIY)', 'Komp. Kepatihan Danurejan, Yogyakarta', 2),
	('MOS-0000418', 'CIBINONG CITY MALL', 'Jl Raya Bogor Kota Cibinong Bogor, Jawa Barat', 3),
	('MOS-0000419', 'GP PLAZA', 'Jl. Gatot Subroto, Jakarta', 2),
	('MOS-0000420', 'HOTEL TS LEISURE BALI', 'Jl. Nakula No. 18, Legian, Kuta, Kabupaten Badung', 3),
	('MOS-0000421', 'BETHSAIDA HOSPITAL SERPONG', 'Jl. Boulevard Gading Serpong, Tangerang 15810', 2),
	('MOS-0000422', 'PT. SARI ASIH GROUP | RUMAH SAKIT SARI ASIH', 'Jl. Otista sasak tinggi No. 3 Ciputat', 3),
	('MOS-0000423', 'DELTA HOTEL DAN SPA MEDAN (B2S H3I ex.MLA 2012)', 'Jl. Medan Raya, Medan', 2),
	('MOS-0000424', 'MARGONDA RESIDENCE III', 'Jl. Margonda Raya, Depok, Jawa Barat', 2),
	('MOS-0000425', 'PUNCAK PERMAI APARTMENT 2 (TOWER B)', 'Jl. Darmo Permai III Surabaya', 3),
	('MOS-0000427', 'FORUM 9 HOTEL', 'Jl. Listrik No. 15, Medan', 2),
	('MOS-0000428', 'APARTMENT PUNCAK KERTAJAYA (TOWER A)', 'Jl. Mayjend Sungkono No. 127 Surabaya', 1),
	('MOS-0000429', 'FAIRMONT HOTEL (EX HOTEL SENAYAN SQUARE (PLAZA SENAYAN)', 'Jl. Asia Afrika No. 8, Senayan, Jakarta Selatan', 1),
	('MOS-0000430', 'SEPINGGAN INTERNATIONAL AIRPORT BALIKPAPAN (BPN) 1', 'Jalan Marsma. R. Iswahyudi, Sepinggan, Kota Balikpapan, Kalimantan Timur, 76115', 3),
	('MOS-0000431', 'SEPINGGAN INTERNATIONAL AIRPORT BALIKPAPAN (BPN) 2', 'Jalan Marsma. R. Iswahyudi, Sepinggan, Kota Balikpapan, Kalimantan Timur, 76115', 3),
	('MOS-0000432', 'THE CITY TOWER (TCT)', 'Jl.Jend. Sudirman No.81 Jakarta Pusat', 3),
	('MOS-0000433', 'HOLIDAY INN (EX. GRANDE VALORE HOTEL & CONDOMINIUM)', 'Jl. Jababeka 1, Cikarang Barat, Bekasi', 2),
	('MOS-0000434', 'MALL BANJARBARU (Q MALL)', 'Jalan Ahmad Yani KM. 36,8, Kota Banjar Baru, Kalimantan Selatan, 70714', 2),
	('MOS-0000435', 'RSUD PASAR REBO | KEPALA BPKD PROV. DKI JAKARTA', 'Jl. Letjen TB Simatupang Raya No. 30 Pasar Rebo Jakarta Timur, DKI Jakarta, Indonesia 13760 | Jl. Merdeka Selatan, Jakarta', 3),
	('MOS-0000436', 'VERDE RESIDENCE', 'Jl. Rasuna Said, Kuningan, Jakarta Selatan', 3),
	('MOS-0000437', 'PUNCAK PERMAI APARTMENT 3 (TOWER C)', 'Jl. Darmo Permai III Surabaya', 2),
	('MOS-0000438', 'HORISON HOTEL SEMINYAK BALI', 'Jl. Arjuna Gang Raja No. 1 Seminyak Kuta Utara Badung Bali', 1),
	('MOS-0000439', 'ASTON CIREBON', 'Jl. Brigjen Dharsono No. 12C (By Pass), Kota Cirebon, Jawa Barat 45132', 2),
	('MOS-0000440', 'MALL LAMPUNG', 'Jl. Zaenal Abidin Pagar Alam, Rajabasa, Bandar Lampung, Kota Bandar Lampung, Lampung 35142', 3),
	('MOS-0000441', 'RAMADA BALI SUNSET ROAD KUTA (Ex. BEST WESTERN PREMIER Sunset Road Kuta)', 'Jln Sunset Road No 9 Seminyak- Kuta', 1),
	('MOS-0000442', 'TERMINAL TERPADU PULO GEBANG', 'Jl.Sejajar Tol Cakung Timur, KEL. Pulo Gebang KEC. Cakung Kota Administrasi Jakarta.', 2),
	('MOS-0000443', 'TAMAN KEMAYORAN CONDOMINIUM', 'Jl. Benyamin Sueb, Kebon Kosong - Jakarta Pusat 10630', 3),
	('MOS-0000444', 'MALL HERMES PALACE BANDA ACEH (B2S H3I ex.MLA 2012)', 'Jl. T. Hasan Dek, Beurawe Kuta Alam Banda Aceh', 1),
	('MOS-0000445', 'APARTMENT PUNCAK KERTAJAYA (TOWER B)', 'Jl. Mayjend Sungkono No. 127 Surabaya', 2),
	('MOS-0000446', 'JUANDA INTERNATIONAL AIRPORT SURABAYA 1', 'Jl.  Ir. Haji Juanda No. 1,  Surabaya 61253', 1),
	('MOS-0000447', 'AMBASSADE RESIDENCE', 'Jl. Jend. Sudirman Kav.28 Jakarta 12920', 1),
	('MOS-0000448', 'HOTEL BUNGO PLAZA (EX. WILL TOP BUNGO PLAZA JAMBI)', 'JL. Lintas Sumatera, Km. 0, Bungo, Kabupaten Bungo, Jambi 37212', 3),
	('MOS-0000449', 'KAMPUS UIR RIAU 1', 'Jl. Kaharudin Nasution No. 113, Kota Pekanbaru, Riau 28284', 2),
	('MOS-0000450', 'TAMAN MELATI MARGONDA', 'Jl. Margonda Raya Kav. 525A, Depok, Jawa Barat', 2),
	('MOS-0000451', 'FOOD CENTRUM MALL', 'Jl. Kemayoran, Jakarta Utara', 3),
	('MOS-0000452', 'THE SAHID RICH HOTEL', 'Jl. Magelang KM. 6 No. 18, Sleman, Kabupaten Sleman, Daerah Istimewa Yogyakarta 55284, Indonesia', 2),
	('MOS-0000453', 'CITY LIGHT APARTMENT', 'Jl. IR. H Juanda No 38, Ciputat - Tangerang', 3),
	('MOS-0000454', 'LEXINGTON KLAPA RESORT(EX. MERITUS PECATU)', 'JL. PECATU, KUTA -  BALI', 2),
	('MOS-0000455', 'MENTENG SQUARE A', 'Jl matraman  No. 30', 3),
	('MOS-0000456', 'PAKUBUWONO TERRACE 1 (SOUTH TOWER)', 'JL. CILEDUK RAYA NO 99', 2),
	('MOS-0000457', 'RUMAH SAKIT MELINDA 1 BANDUNG', 'Jl.Pajajaran 46, Kota Bandung, Jawa Barat 40171', 3),
	('MOS-0000458', 'RUMAH SAKIT MELINDA 2 BANDUNG', 'Jl. Dr. Cipto No. 1, Pasirkaliki, Cicendo, Kota Bandung, Jawa Barat', 3),
	('MOS-0000459', 'SANTIKA SILIGITA BALI', 'Jl. Pintas Siligita 3A, Link Banjar Peminge, Kuta Selatan, Badung, Bali', 3),
	('MOS-0000460', 'TAJUR TRADE MALL', 'Jl. Raya Tajur No. 15 B, Bogor, Jawa Barat', 3),
	('MOS-0000461', 'STIKES PAMULANG (STIKES WIDYA DHARMA HUSADA)', 'Jl. Surya Kencana No. 1, Pamulang Barat, Tangerang Selatan – Banten 15417', 3),
	('MOS-0000462', 'AEROPOLIS RESIDENCE', 'Jl. Marsekal Suryadharma, Neglasari, Tangerang Banten', 2),
	('MOS-0000463', 'CITADINES KUTA BEACH', 'JL . RAYA KUTA NO 88', 1),
	('MOS-0000464', 'SWISS BEL INN HOTEL MALANG', 'JL VETERAN NO 8 PENANGGUNGAN LOWOK WARU MALANG', 1),
	('MOS-0000465', 'RUMAH SAKIT WILLIAM BOOTH', 'JL DIPONOGORO 34', 3),
	('MOS-0000466', 'MX MALL MALANG', 'Jl. Veteran No. 8 Penanggungan Lowok Waru, Malang, Jawa Timur', 3),
	('MOS-0000467', 'KAMPUS 1 ITN MALANG', 'JL BENDUNGAN SIGURA GURA NO 2', 1),
	('MOS-0000468', 'KUBIKAHOMY', 'Kavling Dormitory Lot. B-8 BSD City - Tangerang', 3),
	('MOS-0000469_1', 'APARTMENT TAMANSARI SEMANGGI TOWER A', 'Jl. Akri N0 134 semanggi Kel. Karet setiabudi', 3),
	('MOS-0000469_2', 'APARTMENT TAMANSARI SEMANGGI TOWER B', 'Jl. Akri N0 134 semanggi Kel. Karet setiabudi', 1),
	('MOS-0000470', 'WOODLAND PARK RESIDENCE 1 (TOWER 1 & 3)', 'Jl Raya Kalibata Kel rawa jati Jakarta Selatan', 2),
	('MOS-0000471', 'SANTIKA PREMIER GUBENG', 'Jl Raya Gubeng No. 54 Surabaya', 3),
	('MOS-0000472', 'KLUB KELAPA GADING', 'JL. Boulevard Kelapa gading KGC summarecon kelapa gading jakarta Utara 14240', 3),
	('MOS-0000473', 'LANDAS PACU TIMUR', 'Jl. Danau Sunter Barat A3-A4, Kemayoran, Jakarta Utara', 3),
	('MOS-0000474', 'SEMAWANG SANUR', 'Jl. Mertasari, Denpasar Selatan', 3),
	('MOS-0000475', 'PANTAI PADANG', 'Jl. Padang Galak No. 15, Denpasar Timur', 3),
	('MOS-0000476', 'RUMAH SAKIT KASIH IBU BALI', 'Jl. Teuku Umar No. 11, Denpasar', 2),
	('MOS-0000477', 'GRAND MERCURE KEMAYORAN', 'Kemayoran, Jakarta Pusat 10620', 1),
	('MOS-0000479', 'HOTEL SANTIKA TAMAN MINI', 'Jl Pintu 1  Tamana Mini Jakarta Timur', 2),
	('MOS-0000481', 'THE PAKUBUWONO HOUSE', 'Jl. Pakubuwono 6 No. 72 Kebayoran baru jakarta selatan', 2),
	('MOS-0000482', 'THE PAKUBUWONO SIGNATURE TOWER A', 'Jl. Pakubuwono 6 No. 70 Kebayoran baru jakarta selatan', 2),
	('MOS-0000483', 'J4 LEGIAN BALI', 'Jl. Raya Legian no 74 Kuta bali', 2),
	('MOS-0000484', 'PALMA TOWER', 'JL TB Simatupang II S Kav. 6', 1),
	('MOS-0000486', 'SCIENTIA RESIDENCES SUMARECON SERPONG', 'Jl Scientia square Utara , Sumarecon  serpong Tanggerang ', 1),
	('MOS-0000487', 'THE MANSION DUKUH GOLF KEMAYORAN TOWER A', 'Jl. Trembesi Blok D4, Bandar Baru Kemayoran, Kel. Timur, Kec. Pademangan, Jakarta Utara 14410', 2),
	('MOS-0000488', 'PALU GRAND MALL', 'Jl Cumi cumi No. 77 Bumi Bahari Palu Sulteng', 3),
	('MOS-0000489', 'JOGJA CITY MALL', 'Jl. Magelang KM.6 No.18, Sinduadi, Mlati, Kabupaten Sleman, Daerah Istimewa Yogyakarta 55284, Indonesia', 2),
	('MOS-0000490', 'KIRANA TWO OFFICE TOWER KELAPA GADING', 'Jl. Boulvard raya Artha Gading jakarta Utara', 3),
	('MOS-0000491', 'TUNE HOTEL BEKASI', 'Jl. Chairil Anwar 27 - 36 Bekasi timur, Jawa Barat 57139 Indonesia', 1),
	('MOS-0000492', 'OAK TREE SEMARANG', 'Perumahan Palm Hill Estate Papandayan, Gajahmungkur, Jl. Palm Hill, Semarang, Kota Semarang, Jawa Tengah 50232, Indonesia', 1),
	('MOS-0000493', 'CIMONE CITY MALL', 'Jl. Cimone - Tangerang Banten', 3),
	('MOS-0000494', 'CHERRY HOMES', 'Jl Babakan Jeruk IV 37-39, Kota Bandung, Jawa Barat 40163', 1),
	('MOS-0000496', 'PLAZA MARINA SURABAYA', ' Jl. Raya Margorejo Indah No. 97 - 99, Surabaya, Jawa Timur', 1),
	('MOS-0000497', 'FAVE PURI INDAH', 'Jl Kembang abadi raya Blok A1 No. 1', 3),
	('MOS-0000498', 'MEGA ZANUR MALL GORONTALO', 'Jl. R.A Kartini, Gorontalo, Propinsi Gorontalo', 3),
	('MOS-0000501', 'HOTEL PROMENADE', 'Jl. Cihampelas No.119-121, Cipaganti, Coblong, Kota Bandung, Jawa Barat 40131', 1),
	('MOS-0000502', 'CIKINI GOLD CENTER', 'Jl. Pegangsaan Timur Cikini, Menteng, Jakarta', 2),
	('MOS-0000503', 'BOSHE VVIP CLUB YOGYA', 'km 6,5, Jl. Magelang, Sinduadi, Mlati, Kabupaten Sleman, Daerah Istimewa Yogyakarta, Indonesia', 2),
	('MOS-0000504', 'HOTEL NEO CIDENG', 'JL Cideng Timur No. 58 Petojo Jakarta Pusat', 3),
	('MOS-0000505', 'RUMAH SAKIT SANTO BORROMEUS', 'Jl. Ir. H.Djuanda No.100, Lebakgede, Coblong, Kota Bandung, Jawa Barat 40132', 1),
	('MOS-0000506', 'ICBC CENTER', 'Jl Basuki Rahmat No.16 - 18 tegal sari Surabaya', 3),
	('MOS-0000507', 'SOMERSET SURABAYA HOTEL & SERVICE RESIDENCE', 'Jl. Raya Kupang Indah 37 - 39 Surabaya ', 1),
	('MOS-0000508', 'SWISS BEL INN LEGIAN', 'Jl. Padma Utara Legian Kuta bali', 1),
	('MOS-0000509', 'HOTEL PRASADA MANSION', 'Jl. Komando raya No. 6 Jakarta selatan', 2),
	('MOS-0000510', 'PLAZA OLEOS TOWER 1', 'Jl. TB. Simatupang Raya No. 53 A', 3),
	('MOS-0000511', 'BOEMI KEDATON MALL LAMPUNG', 'Jl. Teuku Umar No. 1, Kota Bandar Lampung, Lampung 35132', 3),
	('MOS-0000512', 'ARCH HOTEL by HORIZON', 'Jl. Padjajaran, Bogor, Jawa Barat', 3),
	('MOS-0000514', 'HOTEL ASTON MADIUN AND CONFERENCE CENTER', 'Jl. Mayjen Sungkono No. 41 Madiun 63128', 3),
	('MOS-0000515', 'SHERWOOD RESIDENCES', 'Jl raya Kelapa nias Blok GN Kelapa gading Jakarta Uta', 3),
	('MOS-0000516', 'MAXONE HOTEL JIMBARAN', 'Jl. Uluwatu, Desa ungasan, Kec kuta selatan, Kab. Badung', 1),
	('MOS-0000517', 'HOTEL ZAHRA', 'Jl. Mayjend Edy Sabara No.1A Kendari', 2),
	('MOS-0000518', 'MEGA ZANUR MALL BULUKUMBA', ' Jl. Dr. Sam Ratulangi, Kec Gantarang, Kab. Bulukumba', 2),
	('MOS-0000519', 'GRAND DARMO SUITE HOTEL', 'Jl. Progo No. 1-3, Darmo, Wonokromo, Surabaya', 3),
	('MOS-0000520', 'HOTEL DAFAM FORTUNA', 'Jalan Dagen Malioboro No. 60, Kota Yogyakarta, Daerah Istimewa Yogyakarta 55271, Indonesia', 1),
	('MOS-0000521', 'NGURAH RAI DOMESTIK AIRPORT BALI', 'Jl. Raya I Gusti Ngurah Rai, Bali 80361', 1),
	('MOS-0000522', 'ANGKASA GARDEN HOTEL', 'Jl. Setia Budi No.107, Kota Pekanbaru, Riau 28141', 1),
	('MOS-0000524', 'JAMBI TOWN SQUARE', 'Jl. Kapten A. Bakaruddin No. 88, Simpang Tiga Sipin, Kota Baru, Kota Jambi, Jambi', 2),
	('MOS-0000525', 'PANCORAN RIVERSIDE  ( 3 TOWER ) BARIANG (I), CANIAGO (II) , KOTO (III)', 'JL. Pangadegan Timur I No. 30 Pancoran, Jakarta Selatan', 1),
	('MOS-0000526', 'APARTMENT PURIMAS SURABAYA', 'Jl. I Gusti Ngurah Rai No. 95, Club House Puri Mas, Rungkut, Surabaya', 3),
	('MOS-0000527', 'RANCAMAYA HOTEL', 'Jl. Rancamaya Utama, Ciawi, Bogor, Jawa Barat', 3),
	('MOS-0000528', 'MALANG CITY POINT', 'Jl. Raya Dieng No. 31, Malang, Jawa Timur', 2),
	('MOS-0000529', 'BOTANICA APARTMENT SIMPRUG TOWER 1', 'Jl. Sultan Iskandar Muda No. 8 Kebayoran Lama', 3),
	('MOS-0000530', 'HOTEL QUEST SURABAYA', 'Jl. Ronggolawe No 27 - 29, Tegalsari, Surabaya, Jawa Timur 60264', 1),
	('MOS-0000531', 'HOTEL HORISON PEKALONGAN', 'Jalan Gajah Mada No. 11A, Kramatsari, Pekalongan Barat, Kota Pekalongan, Jawa Tengah 51118, Indonesia', 1),
	('MOS-0000532', 'GOLDEN TULIP DEVINS HOTEL', 'Jl. Petitenget, Komplex Villa Kendal No. 35, Seminyak, Bali, Indonesia 80361', 1),
	('MOS-0000533', 'HOTEL CROWN PRINCE SURABAYA', 'Jl. Basuki Rachmat No. 23-27 Surabaya', 3),
	('MOS-0000534', 'HOTEL MIDTOWN', 'Jl. Basuki Rachmad, No 76 Surabaya', 2),
	('MOS-0000535', 'PASAR ATJEH', 'Jl. Diponegoro, Kel. Kamp. Baru, Baitu', 3),
	('MOS-0000536', 'GAMA TOWER (ex CEMINDO TOWER)', 'Jl. HR Rasuna Said Kav. C22, Kuningan, Jakarta Selatan', 1),
	('MOS-0000537', 'GREEN TERRACE KALIMALANG (KALIMALANG MALL)', 'Jl Kalimalang Raya jakarta Timur', 3),
	('MOS-0000538', '18 OFFICE PARK', 'Jl. TB. Simatupang Kav. 18, Cilandak, Jakarta Selatan', 3),
	('MOS-0000539', 'WESTMARK APARTMENT', 'Jl. Letjen. S. Parman, Grogol, Jakarta Barat, 11470', 2),
	('MOS-0000540', 'MENTENG SQUARE B', 'Jl matraman  No. 30', 2),
	('MOS-0000541', 'MENTENG SQUARE C', 'Jl matraman  No. 30', 1),
	('MOS-0000542', 'PAKUBUWONO TERRACE 2 (NORTH TOWER)', 'JL. CILEDUK RAYA NO 99', 1),
	('MOS-0000543', 'PALAZZO KEMAYORAN APARTMENT 2 (TOWER BDE)', 'Jl. Benyamin Sueb, Kebon Kosong, Kemayoran, Jakarta Pusat', 3),
	('MOS-0000544', 'SAHID SUDIRMAN CENTER', 'Jl. Jend Sudirman No. 86', 3),
	('MOS-0000545', 'BOTANICA APARTMENT SIMPRUG TOWER 2', 'Jl. Sultan Iskandar Muda No. 8 Kebayoran Lama', 2),
	('MOS-0000546', 'BOTANICA APARTMENT SIMPRUG TOWER 3', 'Jl. Sultan Iskandar Muda No. 8 Kebayoran Lama', 3),
	('MOS-0000547', 'APARTMENT THE KENCANA RESIDENCE & SOMERSET KENCANA', 'Jl. Sultan Iskandar Muda No. 7, Arteri Pondok Indah', 3),
	('MOS-0000548', 'HARRIS POP HOTEL COKROAMINOTO', 'Jl. Cokroaminoto No. 32 Denpasar bali', 3),
	('MOS-0000549', 'PRIME BIZ KUTA HOTEL', 'Jl. Raya Kuta No. 66 - Kuta Bali', 1),
	('MOS-0000550', 'RSUD IBNU SINA KAB. GRESIK', 'Jl. Dr. Wahidin Sudiro Husodo', 1),
	('MOS-0000551', 'APARTMENT THE SUITE @METRO BANDUNG', 'Jl. Soekarno - Hatta No. 693, Jati Sari, Buah batu, Kota Bandung, Jawa Barat 40286', 2),
	('MOS-0000552', 'RSUD Prof. Dr. MARGONO SOEKARJO 2', 'Jl. Dr. Gumbreng No. 1, Purwokerto', 1),
	('MOS-0000553', 'HOTEL KLUB BUNGA BUTIK RESORT', 'Jl. Kartika No. 1 Kel Sisir  Kec. Batu Malang', 1),
	('MOS-0000554', 'RUMAH SAKIT CAHYA KAWALUYAN', 'Jl.Parahyangan 3, Kota Baru Parahyangan, Kota Bandung, Jawa Barat', 1),
	('MOS-0000555', 'I BALOI HOTEL BATAM', 'Komp. Baloi Kusuma Indah No. 7, Penuin Batam', 1),
	('MOS-0000556', 'HOTEL ASTON LAMPUNG', 'Jl. Jendral Gatot Subroto No.81, Garuntang, Teluk Betung Selatan, Kota Bandar Lampung, Lampung 35128', 1),
	('MOS-0000557', 'WOODLAND PARK RESIDENCE 2 (TOWER 2, 4 & 5)', 'Jl Raya Kalibata Kel rawa jati Jakarta Selatan', 2),
	('MOS-0000558', 'ASTON BANUA HOTEL BANJARMASIN', 'Jalan Jend. A. Yani Km 11,8, Banjarmasin, Kalimantan Selatan, 70652', 3),
	('MOS-0000559', 'CENTENNIAL TOWER', 'Jl. Jend. Gatot Subroto, Kav.24-25. Jakarta Selatan', 1),
	('MOS-0000560', 'PINRANG MALL', 'Jl. Sultan Hasanudin No. 52 Pinrang dalam', 2),
	('MOS-0000561', 'MALL TECHNO MART KARAWANG', 'Jl. Galuh Mas, Kabupaten Karawang, Jawa Barat', 3),
	('MOS-0000562', 'SEKRETARIAT DPRD PROVINSI BANTEN', 'Kawasan Pusat Pemerintahan Propinsi Banten, Jl. Syech Nawawi Al Bantani No. 1, Serang', 1),
	('MOS-0000564', 'HOTEL FORTUNA FEST YOGYA', 'Jl. Raya Seturan, Catur Tunggal - Yogyakarta', 3),
	('MOS-0000565', 'HORISON HOTEL SUNSET ROAD', 'Jl. Sunset Road, badung, Bali', 3),
	('MOS-0000566', 'ASTON HOTEL SEMARANG', 'Jl. MT. Haryono No. 1, Semarang', 1),
	('MOS-0000567', 'GOLDEN TULIP HOTEL BANJARMASIN', 'Jl. Ahmad Yani, Sungai Baru, Banjarmasin Tengah, Kota Banjarmasin, Kalimantan Selatan, 70122', 1),
	('MOS-0000568', 'BIG MALL SAMARINDA', 'Karang Asam Ulu, Kunjang River, Samarinda, Kalimantan Timur', 1),
	('MOS-0000569', 'TUNE HOTEL PASAR BARU', 'Jl. K.H. Samanhudi No 25, Jakarta Pusat 10710', 2),
	('MOS-0000570', 'PRANAYA SUITE HOTEL', 'Commercial Park BDS BSD Lot VII No. 3, BSD City, Tangerang Selatan', 3),
	('MOS-0000571', 'IBIS STYLES BALI BENOA', 'Jl. Pratama No. 57A, Tanjung Benoa, Nusa Dua, Bali 80361', 2),
	('MOS-0000572', 'HOTEL BANUA MAKASSAR', 'Jl. Haji Bau no. 7, Makassar, Sulawesi Selatan', 1),
	('MOS-0000573', 'D MALEO HOTEL MAKASSAR', 'Jl. Pelita Raya No. 7, Makassar, Sulawesi Selatan', 2),
	('MOS-0000574', 'SWISS BELL HOTEL MAKASSAR', 'Jl. Pasar Ikan No. 52 Makassar', 3),
	('MOS-0000575', 'MALL BONE TRADE CENTER ', 'Jl. Agus Salim, Komp Mall Bone Trade Center, Bone - Sulawesi Selatan', 1),
	('MOS-0000576', 'PLAZA OLEOS 2', 'Jl. Kebagusan I No. 6, Jakarta Selatan', 2),
	('MOS-0000577', 'M BOUTIQUE HOTEL', 'Jl. Gunung Bawakaraeng No. 39 Makassar 90157', 2),
	('MOS-0000578', 'CROWN PLAZA BANDUNG', 'Jl. Lembong No. 19, Braga, Sumur Bandung, Kota Bandung, Jawa Barat 40111', 1),
	('MOS-0000579', 'APARTMENT SERPONG GREENVIEW', 'Jl. Lengkong Gudang Timur Serpong BSD ', 1),
	('MOS-0000582', 'GRAGE CITY MALL 2', 'Jl. Jend. Ahmad Yani, Pegambiran, Lemahwungkuk, Kota Cirebon, Jawa Barat 45113', 2),
	('MOS-0000583', 'M GOLD TOWER BEKASI', 'Jl. KH. H. Noer Ali, Bekasi Selatan, Jawa Barat 17148', 2),
	('MOS-0000584', 'THE JARDIN @ CIHAMPELAS RUSUNAMI (A TOWER)', 'Jl. Cihampelas No.10, Tamansari, Bandung Wetan, Kota Bandung, Jawa Barat 40116', 2),
	('MOS-0000585', 'THE JARDIN @ CIHAMPELAS RUSUNAMI (B TOWER)', 'Jl. Cihampelas No.10, Tamansari, Bandung Wetan, Kota Bandung, Jawa Barat 40116', 1),
	('MOS-0000586', 'THE JARDIN @ CIHAMPELAS RUSUNAMI (C TOWER)', 'Jl. Cihampelas No.10, Tamansari, Bandung Wetan, Kota Bandung, Jawa Barat 40116', 3),
	('MOS-0000587', 'THE JARDIN @ CIHAMPELAS RUSUNAMI (D TOWER)', 'Jl. Cihampelas No.10, Tamansari, Bandung Wetan, Kota Bandung, Jawa Barat 40116', 3),
	('MOS-0000588', 'GADING GREENHILL APARTMENT', 'Jl. Pegangsan 2 No. 97, Kelapa gading, JakartaUtara', 2),
	('MOS-0000589', 'DPRD PROVINSI DKI JAKARTA', 'Jl. Kebon Sirih, Jakarta Pusat', 3),
	('MOS-0000590', 'PASAR CILEUNGSI', 'Jl. Raya Narogong, Cileungsi, Bogor, Jawa Barat', 2),
	('MOS-0000591', 'RUMAH SAKIT COLUMBIA ASIA SEMARANG', 'Jl. Siliwangi No. 3, Semarang', 1),
	('MOS-0000592', 'AZIZA HOTEL BY HORISON', 'Jl. Kapten Mulyadi No. 115, Pasar liwon Surakarta 57113', 2),
	('MOS-0000593', 'LV8 RESORT HOTEL', 'Jl. Discovery No. 8, Canggu – Bali, Indonesia', 2),
	('MOS-0000594', 'RA RESIDENCE (EX. TBS LINERA SERVICE APARTMENT)', 'Jl. Intan No. 25, TB. Simatupang- Cilandak, Jakarta Selatan 12430', 2),
	('MOS-0000595', 'IBIS STYLES DEWI SRI KUTA BALI', 'Jl. Dewi Sri No. 17, Kuta, Bali', 1),
	('MOS-0000596', 'AD PREMIER OFFICE PARK', 'Jl. TB. Simatupang No. 5 Jakarta selatan', 3),
	('MOS-0000597', 'HOTEL GRAND MUTIARA MAMUJU', ' Jl. H. Abd Malik Pattana Endeng Mamuju', 3),
	('MOS-0000598', 'THE LUXTON CIREBON', 'Jl. R.A. Kartini No. 60, Kota Cirebon, Jawa Barat 45122', 1),
	('MOS-0000599', 'RUMAH SAKIT VANIA BOGOR', 'Jl. Raya Siliwangi No. 11 Bogor, Jawa Barat 16143', 3),
	('MOS-0000600', 'MALL DINOYO CITY & PASAR TERPADU DINOYO', 'Jl. MT. Haryono No.195 - 197, Malang, Jawa Timur', 1),
	('MOS-0000601', 'FAVE HOTEL SUNSET SEMINYAK BALI', 'Jl. Sunset Road No. 89, Seminyak - Badung Bali', 1),
	('MOS-0000602', 'RUMAH SAKIT HOSANA MEDICA LIPPO CIKARANG', 'Jl. Utama BIIE No. 1, Lippo Cikarang, Kel. Cibatu, Kec. Bekasi Selatan, Cikarang', 3),
	('MOS-0000603', 'SAKURA HOTEL DAN APARTMENT', 'Jl. Delta Mas Boulevard, Cikarang', 3),
	('MOS-0000604', 'ALILA HOTEL SOLO', 'Jl. Slamet Riyadi No. 562; Jajar Lawetan - Surakarta', 2),
	('MOS-0000605', 'HOTEL MERCURE KARAWANG', 'Jl. Galuh Mas Raya, Teluk Jambe Timur, Kabupaten Karawang, Jawa Barat 41361', 3),
	('MOS-0000606', 'AIA CENTRAL JAKARTA', 'Jl. Jend. Sudirman Kav. 48 A, Jakarta Selatan', 2),
	('MOS-0000607', 'RUMAH SAKIT MARDI RAHAYU KUDUS', 'Jl. AKBP R. Agil Kusumadya No.110, Jati Wetan, Jati, Kabupaten Kudus, Jawa Tengah 59346, Indonesia', 2),
	('MOS-0000608', 'EUPHORIA HOTEL BALI', 'Jl. Patih Jelatik No. 11-12, Legian Bali', 2),
	('MOS-0000609', 'SETIABUDI SKY GARDEN RESIDENCE', 'Jl. HR Rasuna Said Kav. 62 Karet Setiabudi Jakarta Selatan ', 3),
	('MOS-0000610', 'SANTIKA HOTEL CIKARANG', 'Jl. Raya Cibarusa KM. 32, Cikarang - Bekasi', 3),
	('MOS-0000611', 'FAVE HOTEL PANAKUKANG', 'Jl. Pelita Raya No. 8, Makassar', 2),
	('MOS-0000612', 'GUDANG GARAM OFFICE', 'Jl. Jend. A. Yani No. 79, Cempaka Putih', 2),
	('MOS-0000613', 'AKADEMI SANDI KARSA MAKASSAR', 'Jl. Bung 8 No. 37, KM. 10, Makassar - Sulawesi Selatan', 3),
	('MOS-0000614', 'ANUGRAH HOTEL MAKASSAR', 'Jl. Pengayoman No. 2, Makassar', 1),
	('MOS-0000615', 'HORISON ULTIMA KING S HOTEL BATAM', 'Jl. Yos Sudarso, Seraya Atas - Batam', 2),
	('MOS-0000616', 'IBIS STYLE MALANG', 'Jl. S. Parman 45, Blimbing, Malang', 1),
	('MOS-0000617', 'FAVE HOTEL PALEMBANG BY ASTON', 'Jl. Basuki Rahmat No. 1681, Palembang, Sumatera Selatan 30128', 1),
	('MOS-0000618', 'UNIVERSITAS SUMATERA UTARA & RUMAH SAKIT UNIVERSITAS SUMATERA UTARA', 'Jl. Dr. T. Mansur No.9 Kampus USU Medan 20155', 1),
	('MOS-0000619', 'RSU PKU MUHAMMADIYAH WONOSOBO', 'Jl. Raya Kretek KM. 4 Wonosobo', 3),
	('MOS-0000620', 'MANDAPA RITZ CARLTON HOTEL BALI', 'Jl. Kedewatan, Banjar Kedewatan, Ubud Bali', 2),
	('MOS-0000621', 'THE MANSION DUKUH GOLF TOWER BOUGENVILLE', 'Jl. Trembesi Blok D4, Bandar Baru Kemayoran, Kel. Timur, Kec. Pademangan, Jakarta Utara 14410', 3),
	('MOS-0000622', 'GRAND CITY (Ex. GRAND QUALITY PERINTIS MAKASSAR)', 'Jl. Perintis Kemerdekaan km 17 - Makassar', 3),
	('MOS-0000623', 'PLAZA SUMMARECON BEKASI', 'Jl. Jend. Sudirman No. 1A, Bekasi, Jawa Barat', 3),
	('MOS-0000624', 'APARTMENT GRAND EMERALD', 'Jl. Pegangsaan Dua No. 3, Kel. Pegangsaan Dua, Kec. Kelapa gading Jakarta Utara', 1),
	('MOS-0000625', 'WINDSOR APARTMENT', 'Jl. Puri Indah Raya, Jakarta Barat', 2),
	('MOS-0000626', 'FAVE HOTEL HYPER BANDUNG', 'Jl. Pasir Kaliki No. 25 - 27, Kota Bandung, Jawa Barat 40181', 1),
	('MOS-0000627', 'TRAVELLERS HOTEL PHINISI MAKASSAR', 'Jl. Lamadukeleng buntu No. 59 Kel. Mariso Kec. Kunjungmae', 3),
	('MOS-0000628', 'HORISON HOTEL KENDARI', 'Jl. Achmad Yani, Kendari', 1),
	('MOS-0000629', 'PLAZA INN HOTEL KENDARI', 'Jl. Antero Hamra No. 57-59, Komp. Pier 29 - Kendari, Sulawesi Tenggara', 1),
	('MOS-0000630', 'CLARION HOTEL KENDARI', 'Jl. Edi Sabara No. 89, By Pass Kendari, Sulawesi', 3),
	('MOS-0000631', 'SUZUYA PLAZA MARELAN', 'Jl. Raya Marelan, Tanah 600', 1),
	('MOS-0000632', 'GOLDEN TULIP ESSENTIAL DENPASAR', 'Jl. Gatot Subroto Barat No. 101 Denpasar', 2),
	('MOS-0000634', 'GRAHA MRA', 'Jl. TB. Simatupang. No. 19, Cilandak Jakarta Selatan', 1),
	('MOS-0000635', 'APARTMENT THE ASPEN RESIDENCE  @ ADMIRALTY tower  A - B', 'Jl RS Patmawati No. 1 Kel Pondok Labu Kec Cilandak Jakarta Selatan', 3),
	('MOS-0000636', 'GRAND MEGA HOTEL & BOUTIQUE HOTEL BALI', 'Jl. By Pass Ngurah Rai - Bali 80363', 1),
	('MOS-0000637', 'PRIME BIZ HOTEL CIKARANG', 'Jl. Raya Cikarang Cibarusah, Bekasi', 3),
	('MOS-0000638', 'HORISON ULTIMA RISS HOTEL YOGYAKARTA', 'Jl. Gowongan Kidul No. 33-49, Yogyakarta', 1),
	('MOS-0000639', 'NAGOYA MANSION HOTEL DAN RESIDENCE', 'Jl. Imam Bonjol No. 1, Kampung Utama, Nagoya - Batam', 2),
	('MOS-0000640', 'BEST WESTERN & MAKASSAR BEACH HOTEL', 'Jl. Botolempangan No. 67 Makassar, South Sulawesi 90113', 1),
	('MOS-0000642', 'KAMPOENG LEGOK HOTEL BANDUNG', 'Jl. Kolonel Masturi No. 99, Lembang, Kabupaten Bandung Barat, Bandung, Jawa Barat', 3),
	('MOS-0000643', 'HOTEL BEDROCK BALI', 'Jl. Wana Segara No.21, Kuta Bali', 1),
	('MOS-0000644', 'UNIVERSITAS MERCUBUANA KAMPUS D BEKASI', 'Jl. Raya Kranggan No. 6, Jatisampurna, Bekasi, Jawa Barat', 1),
	('MOS-0000645', 'RSU IMELDA PEKERJA INDONESIA', 'Jl. Bilal No. 24, Brayan - Medan Timur', 2),
	('MOS-0000646', 'DARSHANA HOTEL BALI', 'Jl. Benesari, Banjar Pengabetan, Bali', 3),
	('MOS-0000647', 'HOTEL NATYA KUTA', 'Jl. By Pass Ngurah Rai, Kuta, Bali 80361, Indonesia', 1),
	('MOS-0000648', 'QUEST SAN HOTEL BALI', 'Jl. Mahendradatta No. 93, Padangsambian, Bali', 3),
	('MOS-0000649', 'ONE BEL PARK MALL', 'Jl RS Patmawati No. 1 Kel Pondok Labu Kec Cilandak Jakarta Selatan', 3),
	('MOS-0000650', 'FAVE HOTEL SEMINYAK', 'Jl. Abimanyu No. 9 Seminyak - Bali', 3),
	('MOS-0000651', 'DAYA SQUARE MALL MAKASSAR', 'Jl. Perintis Kemerdekaan KM 14, Daya, Makassar, Sulawesi Selatan', 1),
	('MOS-0000652', 'AMARIS HOTEL JAKARTA', 'Jl. Kapt. Tendean No. 11, Mampang Prapatan, Jakarta Selatan', 2),
	('MOS-0000653', 'CLOVE GARDEN HOTEL', 'Jl. Awiligar Raya II, Cibeunying, Cimenyan, Kota Bandung, Jawa Barat 40191', 2),
	('MOS-0000654', 'TRAVELLO HOTEL BANDUNG', 'Jl. Doktor Setiabudhi No. 268, Ledeng, Cidadap, Kota Bandung, Jawa Barat 40154', 3),
	('MOS-0000655', 'THE BAY BALI', 'BTDC Area. Lot C-0, Nusa Dua - Bali', 3),
	('MOS-0000656', 'HARPER HOTEL KUTA', 'Jl. Legian No. 73, Legian Bali', 1),
	('MOS-0000657', 'THE H RESIDENCE DAN APARTMENT', 'Jl. MT. Haryono  Kav. 6-7, Jakarta Timur', 1),
	('MOS-0000658', 'MALL CENTRAL PARK', 'Jl. Letjen S Parman Kav. 28, tanjung Duren Selatan, Grogol Petamburan, Jakarta Barat', 2),
	('MOS-0000659', 'PROVIDENCE PARK APARTMENT', 'Jl. Kalimaya, permata hijau Blok AA, Jakarta Selatan 12210', 1),
	('MOS-0000660', 'HORISON HOTEL ULTIMA MALANG', 'Jl. Blimbing Indah Tengah I, No. 1 Araya Malang', 3),
	('MOS-0000661', 'D WANGSA HOTEL SOLO', 'Jl. Adi Sucipto 47 Surakarta - Indonesia', 3),
	('MOS-0000662', 'TEMPO PRINT OFFICE', 'Jl. Palmerah Barat No. 8, Jakarta Selatan', 3),
	('MOS-0000663', 'SYARIAH HOTEL SOLO', 'Dk. Gonilan RT.03, RW.05, Gonilan, Kartasura Sukoharjo - Solo', 1),
	('MOS-0000664', 'GRAND BARONG RESORT HOTEL', 'Jl. Legian Gang Poppies II, Kuta, Badung - Bali', 2),
	('MOS-0000665', 'SINGKAWANG GRAND MALL', 'Jalan Alianyang, Kel. Pasiran, Kec. Singkawang Barat, Kota Singkawang, Kalimantan Barat', 1),
	('MOS-0000666', '101 DAGO HOTEL BANDUNG', 'Jl. Ir. H. Djuanda No. 3, Dago, Coblong, Kota Bandung, Jawa Barat 40115', 3),
	('MOS-0000667', 'MEGA ZANUR HOTEL GORONTALO', 'Jl. DR. Sam Ratulangi, Kec. Gantarang, Bulukumba', 3),
	('MOS-0000668', 'MARVEL CITY SURABAYA SUPERBLOCK', 'Jl. Ngagel No. 123, Surabaya Jawa Timur', 2),
	('MOS-0000669', 'LINDEN TOWER', 'Jl. Ngagel No. 123, Surabaya Jawa Timur', 2),
	('MOS-0000670', 'RUMAH SAKIT HERMINA TANGKUBANPRAHU MALANG', 'Jl. Tangkubanprahu No. 33 Malang', 1),
	('MOS-0000671', 'FAVE HOTEL YOGYAKARTA', 'Jl. Kusumanegara No. 91, Yogyakarta', 3),
	('MOS-0000672', 'RUMAH SAKIT HERMINA SOLO', 'Jl. Kolonel Sutarto No. 16. RW.002, Jebres, Surakarta', 3),
	('MOS-0000673', 'MALL FESTIVE WALK', 'Jl. Raya Galuh Mas, Telukjambe Timur, Kabupaten Karawang, Jawa Barat', 2),
	('MOS-0000675', 'MENARA CITICON', 'Jalan Letjen S. Parman Kav 72, Jakarta Barat, Daerah Khusus Ibukota Jakarta 11410', 1),
	('MOS-0000676', 'THE DHARMAWANGSA', 'Jalan Brawijaya No.26, Jl. Dharmawangsa VIII, Kebayoran Baru, Jakarta Selatan, DKI Jakarta 12160', 1),
	('MOS-0000677', 'MAYAPADA LEBAK BULUS', 'Jl. Lebak Bulus No.1, Cilandak Jakarta Selatan ', 1),
	('MOS-0000682', 'ANTAM PARK OFFICE', 'Jl. Letjen TB Simatupang No. 1. Jakarta Selatan 12530', 2),
	('MOS-0000683', 'ASTON SIMATUPANG', 'Jl R A Kartini No 18, Lebak Bulus, South Jakarta, 12440', 1),
	('MOS-0000684', 'FAVE HOTEL MELAWAI', 'Jl. Melawai 4 No. 3-11, Kebayoran Baru, Jakarta Selatan, DKI Jakarta 12160', 2),
	('MOS-0000685', 'SMESCO', 'Gedung Utama Lantai 5, Jend Gatot Subroto Kav. 94, Jakarta Selatan 12780, Indonesia', 2),
	('MOS-0000687', 'APARTMENT GOLF PONDOK INDAH TOWER 3', 'Jl. Metro Pondok Indah III BB Pondok Indah Jakarta 12310', 2),
	('MOS-0000688', 'CERVINO VILLAGE APARTMENT', 'Jl. KH. Abdullah Syafi’ie Kav 27', 1),
	('MOS-0000689', 'APARTMENT TRILIUM', 'Jl. Pemuda No. 108-116', 1),
	('MOS-0000690', 'APARTMENT SAHID GUNAWANGSA (GUNAWANGSA MANYAR)', 'Jl. Menur Pumpungan No. 62', 1),
	('MOS-0000691', 'MAL BENGKULU', 'Jl. KZ Abidin II, Pasar Minggu, Ratu Samban, Kota Bengkulu, Bengkulu', 1),
	('MOS-0000692', 'BANGKALAN PLAZA', 'Jl. Halim Perdana Kusuma, Bangkalan Madura', 3),
	('MOS-0000693', 'NATIONAL HOSPITAL SURABAYA', 'Jl. Boulevard Famili Selatan Kav.1. Graha Famili, Surabaya Jawa Timur, 60227', 3),
	('MOS-0000694', 'PERKANTORAN MENARA BIDAKARA 2', 'Menara Bidakara, Jl. Jend. Gatot Subroto Kav. 71-73, Jl. Jend. Gatot Subroto Kav. 71-73, Menteng Dalam, South Jakarta', 3),
	('MOS-0000695', 'RITZ CARLTON (MEGA KUNINGAN) & APARTMENT AIRLANGGA', 'Jl. Lingkar Mega Kuningan kav. E22 ', 2),
	('MOS-0000697', 'UNIVERSITAS PEMBANGUNAN PANCABUDI', 'Jl. Jend. Gatot Subroto KM. 4,5 Medan', 1),
	('MOS-0000698', 'MENARA BTPN', 'Jl. Dr. Ir. Ide Anak Gede Agung Blok 5.5 & 5.6 (Kawasan Mega Kuningan) Jakarta Selatan', 3),
	('MOS-0000699', 'L AVENUE OFFICE & APARTMENT', 'Jl. Pasar Minggu Raya Kav. 16, Pancoran - Jakarta Selatan', 3),
	('MOS-0000700', 'NEO HOTEL & SUPERINDO SUPERMARKET CANDI SEMARANG', 'Jl. S. Parman No. 56, Semarang 50232', 2),
	('MOS-0000701', 'STIKES MANDALA WALUYA', 'Jl. Jend. A.H Nasution G-37, Kendari', 1),
	('MOS-0000703', 'LOVE FASHION HOTEL', 'Jl. Raya Legian No. 121 - Bali', 1),
	('MOS-0000704', 'POP HOTEL BYPASS NUSA DUA BALI', 'Jl. By Pass Ngurah Rai No. 188X, Mumbul, Nusa Dua Bali 80363', 3),
	('MOS-0000705', 'RUMAH SAKIT MULIA BOGOR', 'Jl. Raya Padjajaran 15, Bogor - Jawa Barat', 3),
	('MOS-0000706', 'MADISON PARK RESIDENCE @PODOMORO CITY', 'Jl. Letjend. S. Praman Kav. 28 Jakarta Barat 11470', 3),
	('MOS-0000707', 'STIKES PENDIDIKAN IMELDA MEDAN', 'Jl. Bilal No. 24, Brayan - Medan Timur', 2),
	('MOS-0000708', 'RSUD DR. SOEDIRMAN KEBUMEN', 'Jl. Lingkar Selatan Muktisari, Kebumen', 2),
	('MOS-0000709', 'UNIVERSITAS ISLAM NEGERI MAULANA MALIK IBRAHIM', 'Jl. Gajayana No. 50, Malang - Jawa Timur', 1),
	('MOS-0000710', 'RSUD DR. WAHIDIN SUDIROHUSODO MOJOKERTO', 'Jl. Raya Surodinawan, Mojokerto', 1),
	('MOS-0000711', 'NOVOTEL BALI NGURAH RAI AIRPORT', 'Jl. I Gusti Ngurah Rai Bali', 1),
	('MOS-0000712', 'RAMAYANA PEMATANG SIANTAR', 'Jl. Pattimura, Sutomo, Pantuan, Pematang Siantar - North Sumatera 21112', 3),
	('MOS-0000713', 'COSMO TERRACE APARTMENT', 'Jl.KH Mas Mansyur, Kebon Melati, Tanah Abang, Jakarta Pusat', 3),
	('MOS-0000714', 'SOHO PODOMORO CITY', 'Jl. Letjen S Parman Kav. 28, tanjung Duren Selatan, Grogol Petamburan, Jakarta Barat', 3),
	('MOS-0000715', 'UNIVERSITAS NEGERI MAKASSAR DAN MENARA PHINISI', 'Jl. A.P Pettarani', 2),
	('MOS-0000716', 'GRAND MAHKOTA HOTEL PONTIANAK', 'Jl. Sidas No.8, Tengah, Pontianak Kota, Kota Pontianak, Kalimantan Barat, 78243', 2),
	('MOS-0000717', 'THE PAKUBUWONO SIGNATURE TOWER B', 'Jl. Pakubuwono 6 No. 70 Kebayoran baru jakarta selatan', 1),
	('MOS-0000718', 'THE MANSION DUKUH GOLF KEMAYORAN TOWER B', 'Jl. Trembesi Blok D4, Bandar Baru Kemayoran, Kel. Timur, Kec. Pademangan, Jakarta Utara 14410', 1),
	('MOS-0000719', 'THE MANSION DUKUH GOLF KEMAYORAN TOWER C', 'Jl. Trembesi Blok D4, Bandar Baru Kemayoran, Kel. Timur, Kec. Pademangan, Jakarta Utara 14410', 2),
	('MOS-0000720', 'THE MANSION DUKUH GOLF KEMAYORAN TOWER D', 'Jl. Trembesi Blok D4, Bandar Baru Kemayoran, Kel. Timur, Kec. Pademangan, Jakarta Utara 14410', 3),
	('MOS-0000721', 'HOTEL @HOM PLATINUM YOGYA', 'Jl. Gowongan Kidul No. 57 Yogyakarta', 2),
	('MOS-0000722', 'OZONE HOTEL DAN EATERY', 'Jl. Pantai Indah Kapuk 3 PIK, Jakarta Utara', 2),
	('MOS-0000723', 'BADAN PENDIDIKAN DAN PELATIHAN KEMENTERIAN DALAM NEGERI', 'Jl. Taman Makam Pahlawan No. 8, Kalibata, Jakarta Selatan', 2),
	('MOS-0000724', 'AMARIS PRATAMA NUSA DUA', 'Jl. Nusa Dua, Kuta Selatan, Badung - Bali 80361', 2),
	('MOS-0000725', 'LORIN NEW KUTA HOTEL', 'Jl. Pecatu Indah Resort D - 14, Badung - Bali', 2),
	('MOS-0000726', 'HORISON HOTEL NUSA DUA', 'Jl. Bypass Ngurah Rai No. 1001, Mumbul, Husa Dua', 2),
	('MOS-0000728', 'PARK 23 MALL', 'Jl. Kediri, Bali', 3),
	('MOS-0000729', 'APARTMENT BAYVIEW GREEN BAY PLUIT', 'Jl. Pluit Karang Ayu Blok B1 Utara, Penjaringan Jakarat Utara.', 1),
	('MOS-0000730', 'APARTMENT COAST VIEW GREEN BAY PLUIT', 'Jl. Pluit Karang Ayu Blok B1 Utara, Penjaringan Jakarat Utara.', 1),
	('MOS-0000732', 'RUMAH SAKIT HERMINA BANYUMANIK', 'Jl. Jend. Polisi Anton Soedjarwo no. 195, Semarang', 2),
	('MOS-0000733', 'UNITED TRACTORS', 'Jl. Raya Bekasi KM. 22 Cakung Jakarta Timur', 2),
	('MOS-0000734', 'GRANDIA HOTEL BANDUNG', 'Jl. Cihampelas No.80, Tamansari, Bandung Wetan, Kota Bandung, Jawa Barat 40116', 1),
	('MOS-0000735', 'RING ROAD CITY WALK MEDAN', 'Jl. Industri No. 28, Ring Road Medan', 2),
	('MOS-0000736', 'SUZUYA MALL RANTAU PRAPAT', 'Jl. Sisingamangaraja, rantau prapat', 1),
	('MOS-0000737', 'RUSUNAWA JONGKE, SENDANGADI, MLATI, SLEMAN. YOGYAKARTA', 'Jl. Jongke Tengah, Sendangadi, Mlati, Sleman, D.I. Yogyakarta, Indonesia.', 1),
	('MOS-0000738', 'G SUITE HOTEL SURABAYA', 'Jl. Raya Gubeng No. 43, Surabaya 60281', 1),
	('MOS-0000740', 'ALTIRA BUSINESS PARK', 'Jl. Yos Sudarso Kav. 85, Jakarta Utara', 3),
	('MOS-0000741', 'HOTEL NEW HOLLYWOOD PEKANBARU', 'Jl. Kuantan Raya No. 120, Sekip, Lima Puluh, Kota Pekanbaru, Riau 28151', 3),
	('MOS-0000742', 'WESTIN HOTEL AND RESORT (ex CEMINDO HOTEL)', 'Jl. HR Rasuna Said Kav. C22, Kuningan, Jakarta Selatan', 1),
	('MOS-0000744', 'GEDUNG BAJA TOWER', 'Jl. Pangeran Jayakarta No. 55, Jakarta Pusat', 3),
	('MOS-0000746', 'RUMAH SAKIT BETHESDA YOGYAKARTA', 'Jl. Jend. Sudirman No. 70 Yogyakarta ', 3),
	('MOS-0000747', 'PLAZA BORNEO CITY KETAPANG', 'Sampit, Delta Pawan, Kabupaten Ketapang, Kalimantan Barat, 78811', 1),
	('MOS-0000748', 'PASAR SENTRAL KENDARI', 'Jl. Jati Raya No. 14 - 17D, Kendari', 2),
	('MOS-0000749', 'PLAZA BORNEO PANGKALANBUN', 'Jl. Pasir Panjang; Pangkalanbun, Kalimantan Tengah 74112', 3),
	('MOS-0000750', 'STIK AVICENNA KENDARI', 'Jl. Wayong Bypass Lepo - Kendari', 2),
	('MOS-0000751', 'INTERCONTINENTAL HOTEL BANDUNG', 'Jl. Resort Dago Pakar Raya 2B, Resor Dago Pakar, Bandung, Jawa Barat 40198', 3),
	('MOS-0000752', 'PLAZA BORNEO CITY SAMPIT', 'Jl. Sudirman KM. 1,5 Kalimantan Barat', 1),
	('MOS-0000753', 'RUMAH SAKIT HORAS INSANI MEDAN', 'Jl. Medan Raya KM. 2,5, Pematang Siantar. Medan', 3),
	('MOS-0000754', 'RUMAH SAKIT MANDAYA (Ex.RUMAH SAKIT CITO KARAWANG)', 'Jl. Arteri Tol Karawang Barat, Teluk Jambe, Kabupaten Karawang, Jawa Barat 41361', 1),
	('MOS-0000755', 'NORTHERN LAKE RESIDENCE', 'Jl. Danau Sunter Raya Blok M.1, Sunter Jakarta Utara', 1),
	('MOS-0000756', 'SOUTHERN LAKE RESIDENCE', 'Jl. Danau Sunter Raya Blok M, Sunter Jakarta Utara', 1),
	('MOS-0000757', 'HARRIS DAN POP HOTEL GUBENG', 'Jl. Bangka No. 8 - 18, Surabaya', 1),
	('MOS-0000759', 'LANDMARK PLUIT', 'Jl. Pluit Selatan Raya, Jakarta 14450', 1),
	('MOS-0000760', 'HOTEL ALLIUM AIRPORT', 'Jl. Benteng Betawi No. 88 Taman Royal, Tangerang 15148', 3),
	('MOS-0000762', 'TAKES MANSION HOTEL 1 DAN 2', 'Jl. Taman Kebon Sirih I No. 3-4 Tanah Abang', 3),
	('MOS-0000763', 'HARRIS HOTEL KUTA GALLERIA', 'Jl. Bypass Ngurah Rai No. 1 Kuta Bali', 3),
	('MOS-0000764', 'RUMAH SAKIT UMUM HERNA', 'Jl. Mojopahit No. 118A, Medan', 3),
	('MOS-0000765', 'THE CRUISE MEDAN', 'Jl KL. Yos Sudarso, No. 88, Glugur Medan', 1),
	('MOS-0000766', 'RUMAH SAKIT SEMBIRING MEDAN', 'Jl. Besar Delitu No. 77 Kel. Deli Tua Barat, Deli Serdang, Sumatera Utara, 20355', 3),
	('MOS-0000767', 'APARTMENT THE MEDINA', 'Jl. Kelapa dua raya, Tangerang', 1),
	('MOS-0000768', 'KEMANG VIEW APARTMENT', 'Jl. Raya Pekayon No.01, Bekasi, Jawa Barat 17148.', 2),
	('MOS-0000770', 'ROFA GALLERIA HOTEL & VILLAS', 'Jl. Nakula Timur No.9, Kuta, Badung, Bali', 2),
	('MOS-0000771', 'HOTEL HARRIS SEMINYAK', 'Jl. Drupadi No. 99X, Seminyak, Kuta, Badung, Bali', 1),
	('MOS-0000772', 'THE PEAK HOTEL DAN APARTMENT', 'Jl. Jend. Ahmad Yani, Tanah Datar, Kota Pekanbaru, Riau 28156', 1),
	('MOS-0000773', 'HOTEL IBIS STYLE SURABAYA', 'Jl. Jemursari 110 - 112, Surabaya', 1),
	('MOS-0000774', 'IBIS BUDGET BANDUNG ASIA AFRIKA', 'Jl. Asia Afrika No.128, Kota Bandung, Jawa Barat 40261', 3),
	('MOS-0000776', 'BOGOR GREEN FOREST RESORT CONDOTEL', 'Jl. R.E. Soemartadiredja No. 99 Pamoyanan, Bogor selatan, Jawa Barat', 2),
	('MOS-0000777', 'HORISON JIMBARAN', 'Jl. Uluwatu 1 No, 389 Kedonganan, Jimbaran, Kabupaten Badung, Bali 80365', 1),
	('MOS-0000779', 'SAHID LIFESTYLE CITY YOGYAKARTA ', 'Jl. Babarsari No. 2, Catur Nunggal, Depok, Sleman, Yogyakarta', 2),
	('MOS-0000781', 'SOHO PANCORAN', 'Jl. MT. Haryono kav. 2 - 3, Pancoran, Jakarta Selatan', 1),
	('MOS-0000782', 'MENARA DANAMON', 'Jl. HR. Rasuna Said, Kuningan Jakarta Selatan', 3),
	('MOS-0000784', 'CHAROEN POKPHAND BALARAJA', ' JL RAYA TANGERANG SERANG KM 30', 3),
	('MOS-0000785', 'CHAROEN POKPHAND ANCOL', ' JL ANCOL BARAT NO. 26 JAKARTA UTARA', 2),
	('MOS-0000786', 'CHAROEN POKPHAND R&D ANCOL', ' JL. RAYA PARANG TERITIS BLOK 5E NO.12A JAKARTA UTARA', 1),
	('MOS-0000789', 'PENTACITY (E-WALKBALIKPAPAN SUPERBLOCK)', 'Jl. Jend. Sudirman No. 47, Staal Kuda Balikpapan Superblock, Balikpapan, Kalimantan Timur 76114', 2),
	('MOS-0000790', 'GRAND TAMAN MELATI MARGONDA', 'Jl. Margonda Raya No. 525 A, Depok, Jawa Barat', 1),
	('MOS-0000791', 'CINERE BELLEVUE SUITES', 'Jl. Merawan, Kel. Pangkalan Jati, Kec. Cinere, Depok, Jawa Barat', 3),
	('MOS-0000792', 'HOTEL SWISS BELLIN TUNJUNGAN SURABAYA', 'Jl. Tunjungan, Surabaya', 3),
	('MOS-0000793', 'THAMRIN EXECUTIVE RESIDENCE', 'Jl. KH Mas Mansyur, Kebon Melati, Tanah Abang, Jakarta Pusat', 1),
	('MOS-0000794', 'MENARA MTH', 'Jl. Let. Jend. M.T. Haryono Kav. 23, Tebet Timur, Jl. Letjen M.T. Haryono, Jakarta Selatan, DKI Jakarta 12820', 3),
	('MOS-0000797', 'SUDIRMAN SUITE APARTMENT BANDUNG', 'Jl. Jendral Sudirman No. 588, Dungus Cariang, Andir, Kota Bandung, Jawa Barat 40141', 3),
	('MOS-0000798', 'ASCOTT HOTEL WATER PLACE TOWER SURABAYA', 'Jl. Pakuwon Indah Lontar Timur Kav. 3-5, Surabaya', 1),
	('MOS-0000799', 'DAGO SUITE APARTMENT', 'Jl. Sangkuriang No.11, Dago, Coblong, Kota Bandung, Jawa Barat 40135', 3),
	('MOS-0000801', 'RUMAH SAKIT GRAND MEDISTRA LUBUK PAKAM', 'Jl. Medan No. 66, Kec. Lubuk Pakam, Kabupaten Deli Serdang, Sumatera Utara', 2),
	('MOS-0000803', 'UNIVERSITAS KATOLIK WIDYA MANDALA KAMPUS PAKUWON CITY', 'Jl. Raya Kalisari Selatan No. 1 Surabaya', 1),
	('MOS-0000806', 'APARTMENT CEMPAKA GRAND DHIKA CITY', 'Jl. Joyomartono KM. 16, Bekasi Timur, Jawa Barat', 1),
	('MOS-0000807', 'BSQUARE MALL BALIKPAPAN', 'Jl. Marsma R. Iswahyudi, Sepinggan, Balikpapan Sel., Kota Balikpapan, Kalimantan Timur, 76114', 2),
	('MOS-0000808', 'PASAR BATU JAJAR', 'Jl. Kaum Selatan No. 44, Batujajar Barat, Batujajar, Kabupaten Bandung Barat, Bandung, Jawa Barat 40561', 1),
	('MOS-0000809', 'STIK BAITURAHIM DAN RUMAH SAKIT BAITURAHIM', 'Jl. Raya Prof. M Yamin, SH, No. 30 Kel. Lebak Bandung, Kec. Jelutung, Kota Jambi, Jambi ', 3),
	('MOS-0000810', 'SEKOLAH TINGGI PELITA BANGSA', 'Jl. Inspeksi Kalimalang, Tegal Danas, Cikarang', 2),
	('MOS-0000811', 'RUMAH SAKIT CITRA SARI HUSADA', 'Jl. Raya Kosambi - Telagasari Km. 3, Klari, Kabupaten Karawang, Jawa Barat 41371', 1),
	('MOS-0000816', 'APARTEMENT MARGONDA RESIDENCE IV', 'Jl, Margonda Raya Kav. 88, Beji, Depok, Jawa Barat', 2),
	('MOS-0000817', 'UNIVERSITAS KATOLIK WIDYA MANDALA KAMPUS KALIJUDAN', 'Jl. Kalijudan 37 Surabaya', 1),
	('MOS-0000818', 'UNIVERSITAS KATOLIK WIDYA MANDALA KAMPUS DINOYO', 'Jl. Dinoyo 42 - 44 Surabaya', 3),
	('MOS-0000819', 'UNIVERSITAS BUNG KARNO', 'Jl. Kimia No. 20, Jakarta Pusat & Jl Pegangsaan Timur No. 17', 3),
	('MOS-0000821', 'UNIVERSITAS ISLAM NUSANTARA', 'Jl. Soekarno Hatta No.530, Sekejati, Buahbatu, Kota Bandung, Jawa Barat 40286', 2),
	('MOS-0000822', 'RUMAH SAKIT DR. OEN SURAKARTA', 'Jl. Brigjen Katamso No. 55, Surakarta 57128', 2),
	('MOS-0000823', 'PENDIDIKAN MEDISTRA LUBUK PAKAM', 'Jl. Sudirman No. 38, Kec. Lubuk Pakam, kab. Deli Serdang, Sumatera Utara', 1),
	('MOS-0000824', 'JOGJATRONIK MALL', 'Jl. Brigjen Katamso No.75-77, Yogyakarta, Daerah Istimewa Yogyakarta 55131', 2),
	('MOS-0000826', 'BRINGIN KARYA SEJAHTERA', 'Jl.veteran II no.15, Jakarta Pusat, Jakarta 10110, Indonesia', 1),
	('MOS-0000827', 'MALL PEKANBARU & HOTEL JATRA', ' Jl. Jend. Sudirman No. 123  Komplek Mal Pekanbaru 28116', 1),
	('MOS-0000828', 'HARBOUR BAY', ' Jl. Duyung Sei Jodoh Batu Ampar-Batam-KEPRI', 3),
	('MOS-0000829', 'PASAR & PLAZA AVIARI', ' Kompleks Pertokoan Aviari Pratama, Kel. Buliang, Kec. Batu Aji BATAM', 3),
	('MOS-0000830', 'MALL KEPRI', ' Jl. Jendral Sudirman Simpang Kabil Kepri Mall BATAM', 3),
	('MOS-0000832', 'DUTA INDAH ICONIC', 'Jl. M.H. Thamrin Km. 2, Cikokol Tangerang, Banten', 1),
	('MOS-0000834', 'APARTMENT TELUK INTAN', 'Jl. Teluk Intan Raya No. 1, Penjaringan, Jakarta 14450', 3),
	('MOS-0000837', 'RSUD GUNUNG JATI KOTA CIREBON', 'Jl. Kesambi No. 56, Kesambi, Cirebon, Jawa Barat 45134', 1),
	('MOS-0000843', 'BEVERLY DAGO RESIDENCE BANDUNG', 'Jl. Sangkuriang No. 15, Coblong, Kota Bandung, Jawa Barat 40141', 3),
	('MOS-0000844', 'MENARA PERTIWI', 'Jl. Mega Kuningan Barat 3, Kec. Setiabudi', 3),
	('MOS-0000845', 'TAMANSARI JIVVA CONDOTEL & VILLA', 'Jl. Subak Lepang No. 16. Klungkung, Bali-Pantai Lepang Bali', 2),
	('MOS-0000846', 'GP MALL (BEKASI TRADE CENTER II)', 'Jl. Haji Mulyadi Joyomartono, Margahayu, Bekasi Timur, Jawa Barat', 1),
	('MOS-0000847', 'PARAHYANGAN RESIDENCES', 'Jl. Ciumbuleuit, Hegarmanah, Bandung, Kota Bandung, Jawa Barat 40141', 3),
	('MOS-0000849', 'RUMAH SAKIT RKZ DAN STIKES St.VICENTIUS', 'Jl. Ciliwung 42, Surabaya ', 3),
	('MOS-0000850', 'APARTMENT SENTRA TIMUR RESIDENCE (TOWER 6, 7, 10)', 'Jl. Sentra Primer Timur Kel. Pulo Gebang Kec. Cakung Jakarta Timur 13950', 3),
	('MOS-0000857', 'APARTMENT FOUR WINDS', 'Jl. Permata Hijau Raya No. 1, Jakarta Selatan', 3),
	('MOS-0000859', 'KAMPUS UIR RIAU 2', 'Jl. Kaharudin Nasution No. 113, Kota Pekanbaru, Riau 28284', 1),
	('MOS-0000860', 'APARTMENT WANG RESIDENCE', 'Jl. Panjang Kav. 18 Jakarta Barat', 2),
	('MOS-0000863', 'APARTMENT MUSTIKA GOLF RESIDENCE TOWER A, B DAN C', 'Jl. Arifin C Noor Kav. A3A, Movieland City, Cikarang', 1),
	('MOS-0000870', 'THE H TOWER', 'Jl. H.R. Rasuna Said Kav. 20, Jakarta Selatan', 1);
/*!40000 ALTER TABLE `tmaster_site` ENABLE KEYS */;

-- Dumping structure for table db_eproc.tmaster_vendor
DROP TABLE IF EXISTS `tmaster_vendor`;
CREATE TABLE IF NOT EXISTS `tmaster_vendor` (
  `id` int(11) NOT NULL AUTO_INCREMENT,
  `vendor_type` tinyint(4) NOT NULL,
  `category_id` varchar(1000) NOT NULL,
  `vendor_email` varchar(100) NOT NULL,
  `vendor_name` varchar(255) NOT NULL,
  `city_id` int(11) NOT NULL,
  `vendor_address` varchar(1000) NOT NULL,
  `zipcode` varchar(8) NOT NULL,
  `npwp` varchar(255) NOT NULL,
  `is_active` tinyint(1) NOT NULL DEFAULT '0' COMMENT '0 Blacklist',
  `created_at` datetime NOT NULL,
  `updated_at` datetime NOT NULL DEFAULT '0000-00-00 00:00:00' ON UPDATE CURRENT_TIMESTAMP,
  PRIMARY KEY (`id`)
) ENGINE=InnoDB AUTO_INCREMENT=5 DEFAULT CHARSET=latin1;

-- Dumping data for table db_eproc.tmaster_vendor: ~4 rows (approximately)
DELETE FROM `tmaster_vendor`;
/*!40000 ALTER TABLE `tmaster_vendor` DISABLE KEYS */;
INSERT INTO `tmaster_vendor` (`id`, `vendor_type`, `category_id`, `vendor_email`, `vendor_name`, `city_id`, `vendor_address`, `zipcode`, `npwp`, `is_active`, `created_at`, `updated_at`) VALUES
	(1, 2, '13,16,17,18,20,21', 'fiki.azkiya@centratamagroup.com', 'Azkiya', 46, 'Jalan jalan', '69111', '10-923-874-6-556-743', 1, '2018-08-27 11:35:03', '2018-08-27 11:40:53'),
	(2, 1, '18', 'rosita.nasution@centratamagroup.com', 'VWXYZ', 16, 'Jl. KH Mas Mansyur Kav 126', '10220', '10-100-100-1-001-100', 1, '2018-08-27 14:22:00', '2018-08-27 14:29:02'),
	(3, 1, '18', 'chrisman.manurung@centratamagroup.com', 'ABCDE', 17, 'Walalawala', '15416', '11-111-111-1-111-111', 1, '2018-08-27 14:22:21', '2018-08-27 14:28:00'),
	(4, 1, '24', 'dian.haryanto@centratamagroup.com', 'Hosho Corp', 17, 'Jakarta Selatan', '10250', '12-345-678-9-012-345', 1, '2018-08-29 11:20:00', '2018-08-29 11:28:37');
/*!40000 ALTER TABLE `tmaster_vendor` ENABLE KEYS */;

-- Dumping structure for table db_eproc.tproject_price_component
DROP TABLE IF EXISTS `tproject_price_component`;
CREATE TABLE IF NOT EXISTS `tproject_price_component` (
  `id` int(11) NOT NULL AUTO_INCREMENT,
  `project_id` int(11) NOT NULL DEFAULT '0',
  `component` varchar(100) NOT NULL,
  `created_at` datetime NOT NULL DEFAULT CURRENT_TIMESTAMP,
  `updated_at` datetime DEFAULT NULL ON UPDATE CURRENT_TIMESTAMP,
  PRIMARY KEY (`id`)
) ENGINE=InnoDB AUTO_INCREMENT=23 DEFAULT CHARSET=latin1;

-- Dumping data for table db_eproc.tproject_price_component: ~10 rows (approximately)
DELETE FROM `tproject_price_component`;
/*!40000 ALTER TABLE `tproject_price_component` DISABLE KEYS */;
INSERT INTO `tproject_price_component` (`id`, `project_id`, `component`, `created_at`, `updated_at`) VALUES
	(1, 1, 'Jasa', '2018-08-27 15:37:54', NULL),
	(6, 2, 'material', '2018-08-27 15:53:01', NULL),
	(7, 2, 'jasa', '2018-08-27 15:53:02', NULL),
	(8, 3, 'Maintenance TP', '2018-08-28 15:30:48', NULL),
	(9, 3, 'Maintenance DAS', '2018-08-28 15:30:48', NULL),
	(10, 3, 'Walktest', '2018-08-28 15:30:48', NULL),
	(19, 4, 'TnP Macro', '2018-08-29 16:06:23', NULL),
	(20, 4, 'TnP Micro', '2018-08-29 16:06:23', NULL),
	(21, 4, 'DAS', '2018-08-29 16:06:24', NULL),
	(22, 4, 'Walktest', '2018-08-29 16:06:24', NULL);
/*!40000 ALTER TABLE `tproject_price_component` ENABLE KEYS */;

-- Dumping structure for table db_eproc.tproject_vendor
DROP TABLE IF EXISTS `tproject_vendor`;
CREATE TABLE IF NOT EXISTS `tproject_vendor` (
  `id` int(11) NOT NULL AUTO_INCREMENT,
  `project_id` int(11) NOT NULL DEFAULT '0',
  `vendor_id` int(11) NOT NULL DEFAULT '0',
  `is_winner` tinyint(4) DEFAULT NULL,
  `status` int(11) DEFAULT NULL COMMENT 'NULL => NULL, 0 => DRAFT, 1 => Reject, 2 => Accept',
  `is_upload` tinyint(1) NOT NULL DEFAULT '0',
  `file` varchar(255) DEFAULT NULL,
  `created_at` datetime DEFAULT NULL,
  `invitation_due_date` datetime DEFAULT NULL,
  `updated_at` datetime DEFAULT NULL ON UPDATE CURRENT_TIMESTAMP,
  PRIMARY KEY (`id`)
) ENGINE=InnoDB AUTO_INCREMENT=7 DEFAULT CHARSET=latin1;

-- Dumping data for table db_eproc.tproject_vendor: ~6 rows (approximately)
DELETE FROM `tproject_vendor`;
/*!40000 ALTER TABLE `tproject_vendor` DISABLE KEYS */;
INSERT INTO `tproject_vendor` (`id`, `project_id`, `vendor_id`, `is_winner`, `status`, `is_upload`, `file`, `created_at`, `invitation_due_date`, `updated_at`) VALUES
	(1, 2, 1, 0, 0, 0, NULL, '2018-08-27 03:48:02', '2018-08-29 03:48:02', '2018-08-28 14:49:34'),
	(2, 2, 2, 0, 1, 1, '[Agreement Doc - VWXYZ] test_20180827.pdf', '2018-08-27 03:48:11', '2018-08-29 03:48:11', '2018-08-28 14:49:34'),
	(3, 2, 3, 1, 1, 1, '[Agreement Doc - ABCDE] test_20180827.pdf', '2018-08-27 03:48:18', '2018-08-29 03:48:18', '2018-08-28 14:49:34'),
	(4, 3, 1, NULL, 2, 0, NULL, '2018-08-28 03:29:02', '2018-08-30 03:29:02', '2018-08-31 15:28:12'),
	(5, 3, 1, NULL, 2, 0, NULL, '2018-08-28 03:29:07', '2018-08-30 03:29:07', '2018-08-31 15:28:12'),
	(6, 4, 4, NULL, 1, 1, '[Agreement Doc - Hosho Corp] 4 IN 1 ZONE 1_20180829.pdf', '2018-08-29 04:12:51', '2018-08-31 04:12:51', '2018-08-29 16:32:26');
/*!40000 ALTER TABLE `tproject_vendor` ENABLE KEYS */;

-- Dumping structure for table db_eproc.tpv_biding
DROP TABLE IF EXISTS `tpv_biding`;
CREATE TABLE IF NOT EXISTS `tpv_biding` (
  `id` int(11) NOT NULL AUTO_INCREMENT,
  `tpv_id` int(11) NOT NULL,
  `prices_bid` int(11) NOT NULL,
  `prices_comp` varchar(255) NOT NULL,
  `status` int(11) DEFAULT NULL,
  `is_active` tinyint(1) NOT NULL DEFAULT '1',
  `rank` int(11) DEFAULT NULL,
  `created_at` datetime DEFAULT NULL,
  `updated_at` datetime DEFAULT NULL ON UPDATE CURRENT_TIMESTAMP,
  PRIMARY KEY (`id`)
) ENGINE=InnoDB AUTO_INCREMENT=6 DEFAULT CHARSET=latin1;

-- Dumping data for table db_eproc.tpv_biding: ~5 rows (approximately)
DELETE FROM `tpv_biding`;
/*!40000 ALTER TABLE `tpv_biding` DISABLE KEYS */;
INSERT INTO `tpv_biding` (`id`, `tpv_id`, `prices_bid`, `prices_comp`, `status`, `is_active`, `rank`, `created_at`, `updated_at`) VALUES
	(1, 3, 1450000, '950000,500000', 0, 0, NULL, '2018-08-27 15:57:41', '2018-08-27 16:05:03'),
	(2, 2, 1200000, '600000,600000', 0, 0, NULL, '2018-08-27 15:57:44', '2018-08-27 16:08:15'),
	(3, 3, 1300000, '1000000,300000', 0, 0, NULL, '2018-08-27 15:59:53', '2018-08-27 16:05:21'),
	(4, 3, 1100000, '1000000,100000', 1, 1, 1, '2018-08-27 16:00:11', '2018-08-27 16:08:16'),
	(5, 2, 1100000, '600000,500000', 0, 1, 2, '2018-08-27 16:03:06', '2018-08-27 16:08:16');
/*!40000 ALTER TABLE `tpv_biding` ENABLE KEYS */;

-- Dumping structure for table db_eproc.users
DROP TABLE IF EXISTS `users`;
CREATE TABLE IF NOT EXISTS `users` (
  `id` int(10) unsigned NOT NULL AUTO_INCREMENT,
  `user_id` varchar(10) COLLATE utf8_unicode_ci DEFAULT NULL,
  `name` varchar(255) CHARACTER SET utf8 NOT NULL,
  `email` varchar(255) CHARACTER SET utf8 NOT NULL,
  `password` varchar(255) CHARACTER SET utf8 DEFAULT NULL,
  `remember_token` varchar(100) CHARACTER SET utf8 DEFAULT NULL,
  `user_role` varchar(20) COLLATE utf8_unicode_ci DEFAULT NULL,
  `user_vendor` int(11) DEFAULT NULL,
  `is_active` tinyint(1) NOT NULL DEFAULT '0',
  `created_at` timestamp NULL DEFAULT NULL,
  `updated_at` timestamp NULL DEFAULT NULL,
  PRIMARY KEY (`id`),
  UNIQUE KEY `users_email_unique` (`email`)
) ENGINE=InnoDB AUTO_INCREMENT=15 DEFAULT CHARSET=utf8 COLLATE=utf8_unicode_ci;

-- Dumping data for table db_eproc.users: ~8 rows (approximately)
DELETE FROM `users`;
/*!40000 ALTER TABLE `users` DISABLE KEYS */;
INSERT INTO `users` (`id`, `user_id`, `name`, `email`, `password`, `remember_token`, `user_role`, `user_vendor`, `is_active`, `created_at`, `updated_at`) VALUES
	(1, 'admin', 'Amar Fadhillah', 'amarfadhillah@gmail.com', '$2y$10$JYICUzNR3hMDZg8tkfIK2e4zzTwO6L5PsJsgTgUQQhfB713NFsO8a', 'x35bWGbaRp2BN2ajdCTo1jH8eS5SXXteVt8cCKN4fZRKbQ39ioF6GVbYSFfH', 'SUPER ADMIN', NULL, 1, '2017-11-07 15:50:03', '2018-08-27 15:44:34'),
	(2, 'eproc', 'Procurement', 'procurement@centratamagroup.com', '$2y$10$I7x4RXTbv3Bp799O9eq6UO94DOwVxJWmIz05XRZrKBR3/VDd31yBe', 'P3RbW38F61MuOxLwTqrwFWbVfFPJt5A2fon7w1QWEIhWURypTlfovKOiM3e3', 'ADMIN', NULL, 1, '2017-11-07 15:50:03', '2018-08-29 16:12:20'),
	(3, 'eproc2', 'Procurement 2', 'procurement2@centratamagroup.com', '$2y$10$I7x4RXTbv3Bp799O9eq6UO94DOwVxJWmIz05XRZrKBR3/VDd31yBe', 'wJuUxAD7qEMqbwWgsWut2Dd7VyFoPdCnUEEDEQsbu6o3WuVN1kh7RrTjIZdg', 'SUPER ADMIN', NULL, 1, '2017-11-07 15:50:03', '2018-08-31 15:29:28'),
	(4, 'BOD', 'Board of Director', 'bod@centratamagroup.com', '$2y$10$I7x4RXTbv3Bp799O9eq6UO94DOwVxJWmIz05XRZrKBR3/VDd31yBe', 'KME2uDifZ0alUiRM3lCEVk5Q8HFLdYHAwHzorS3V0J7Uv6E1QAgndoY9sJBa', 'SUPER ADMIN', NULL, 1, '2017-11-07 15:50:03', '2018-08-29 16:09:54'),
	(11, 'VND0001', 'Azkiya', 'fiki.azkiya@centratamagroup.com', '$2y$10$n5qdyxo7pdLFdeJcOQWTZuv4epxqmFP22dzMX0uAYsx6Tl7tbCy8C', NULL, 'USER', 1, 1, '2018-08-27 11:35:03', NULL),
	(12, 'VND0002', 'VWXYZ', 'rosita.nasution@centratamagroup.com', '$2y$10$rUnJ8dRJmgp8VeRZpwd0f.9AjXnPHqvl/HYnTO5YO..od5xMvr6ye', '2LnatdvMl9Fkf8p2vwoR5Z6JoFC44SmldzuHwvl49Pkx3FjuYaDuFxKH5y6N', 'USER', 2, 1, '2018-08-27 14:22:00', '2018-08-27 14:24:44'),
	(13, 'VND0003', 'ABCDE', 'chrisman.manurung@centratamagroup.com', '$2y$10$Fg8fF/1YzvGRJgoqYcKKteiIRFn1yLFG8zFoHNpz0yecWxNbKtbmu', NULL, 'USER', 3, 1, '2018-08-27 14:22:21', NULL),
	(14, 'VND0004', 'Hosho Corp', 'dian.haryanto@centratamagroup.com', '$2y$10$TNK/BDJO0H/db3JDBlCJ/.uSDK6jF.gnZWXRXJXm8DN6tO2sySu/G', 'dNs5nlfMxxOIeBc7rDpSlFDgpd3dqENaUsI3jsvBCRAJn7cEYfYYXzdg5cYK', 'USER', 4, 1, '2018-08-29 11:20:00', '2018-08-29 16:26:20');
/*!40000 ALTER TABLE `users` ENABLE KEYS */;

/*!40101 SET SQL_MODE=IFNULL(@OLD_SQL_MODE, '') */;
/*!40014 SET FOREIGN_KEY_CHECKS=IF(@OLD_FOREIGN_KEY_CHECKS IS NULL, 1, @OLD_FOREIGN_KEY_CHECKS) */;
/*!40101 SET CHARACTER_SET_CLIENT=@OLD_CHARACTER_SET_CLIENT */;
